t,theta_true,y_clean,y_observed,standard_prediction,fleet_prediction,fleet_disagreement,damage_mask,scar_mask
0.0,8.067313474910969e-13,1.3262663352753634e-12,-0.013669557323765607,0.0,-0.013837921047534162,0.00016636992540982297,False,False
0.027956330621488706,0.030418564178253178,0.04998745155190671,0.06560205403825069,0.04594416270151343,0.06584378211952185,0.00023929509374651797,False,False
0.05591266124297741,0.060837018242611236,0.0998508142525737,0.13726985746622605,0.0917921212964519,0.13783465662384736,0.0005420579940189213,False,False
0.08386899186446611,0.09125525208610168,0.14946649834585346,0.1657220443772432,0.13744799607649424,0.16606677490244548,0.0003430393811600929,False,False
0.11182532248595482,0.12167315561158717,0.19871190987940063,0.21808217181558148,0.1828165548463032,0.21849304575132833,0.00044446023071220697,False,False
0.13978165310744353,0.1520906187378924,0.2474659426710607,0.2660626252119102,0.22780353347646823,0.2664817980457563,0.0005052839616634108,False,False
0.16773798372893223,0.18250753140512316,0.29560946318235276,0.3207270460592212,0.27231595262689623,0.3211917553812452,0.0007002031332696279,False,False
0.19569431435042095,0.2129237835799848,0.34302578599203165,0.3771570592304388,0.3162624293885783,0.3776124275799182,0.0009246461101662939,False,False
0.22365064497190965,0.2433392652610982,0.38960113760860315,0.4339420750969346,0.3595534826124849,0.43431139361603993,0.0012171508263217334,False,False
0.25160697559339834,0.27375386648431516,0.43522510641923123,0.4376473895142025,0.40210183072021066,0.43776037228073017,0.0006203635494728688,False,False
0.27956330621488706,0.304167477328031,0.47979107664207554,0.4422388283093939,0.4438226808217949,0.44223298085587637,2.735504127487909e-05,False,False
0.3075196368363758,0.33457998791849486,0.5231966442293821,0.5480346218806957,0.48463400800176054,0.5477600088571404,0.0012733872276747826,False,False
0.33547596745786445,0.3649912884351173,0.5653440127592001,0.5737121422637709,0.5244568236746956,0.5734189696806404,0.001014548635141943,False,False
0.3634322980793532,0.3954012691157757,0.6061403674539451,0.6111026824244143,0.563215431956477,0.6106127567549107,0.0010287285676791047,False,False
0.3913886287008419,0.42580982026211533,0.6454982255736508,0.6536971632237366,0.6008376730463273,0.6528226007227351,0.001252634085173232,False,False
0.41934495932233057,0.45621683224484744,0.6833357615500983,0.6756265683596608,0.637255152668095,0.6747751673358742,0.001013328693310167,False,False
0.4473012899438193,0.486622195509044,0.7195771053544435,0.6975814562623195,0.6724034566762404,0.6968635276995944,0.0007534958766446387,False,False
0.475257620565308,0.517025800579427,0.7541526127248619,0.7744581641571653,0.706222349992754,0.771154081464166,0.0026070495866920007,False,False
0.5032139511867967,0.5474275380656553,0.7869991060213746,0.8084216676313569,0.7386559591053835,0.8041433803400586,0.003030543562859256,False,False
0.5311702818082854,0.5778272986676043,0.8180600846217063,0.7875567313549482,0.7696529374248386,0.7865126458044283,0.0007799989173242761,False,False
0.5591266124297741,0.6082249731806434,0.8472859039239933,0.894421411188476,0.7991666128687918,0.8841795207297781,0.005318004667055343,False,False
0.5870829430512629,0.6386204525009057,0.8746339221786199,0.8684753587584769,0.8271551171132188,0.8642330724007219,0.002401589770709589,False,False
0.6150392736727516,0.6690136276305539,0.9000686145316246,0.9076976415834176,0.8535814960266221,0.900248454804276,0.003555372532307255,False,False
0.6429956042942402,0.6994043896830392,0.9235616538251483,0.9563859368132177,0.8784138008796394,0.9418722388682413,0.005407367446589595,False,False
0.6709519349157289,0.7297926298883552,0.9450919578654698,0.9523983211404291,0.901625160001146,0.9417570200338777,0.003947698105680519,False,False
0.6989082655372176,0.7601782395982841,0.9646457030354358,0.9390049604120974,0.9231938306318903,0.9356792643472761,0.001293885093760161,False,False
0.7268645961587064,0.7905611102916369,0.9822163042947067,0.9677593631709902,0.9431032308076228,0.961118555954783,0.0021157686616313787,False,False
0.7548209267801951,0.8209411335794866,0.9978043617773378,0.9542584852003859,0.9613419511852547,0.9562734832608153,0.0006649390585823367,False,False
0.7827772574016838,0.8513182012103944,1.0114175743609666,1.024301195019555,0.9779037468074867,1.0043530565178345,0.0035894048880447116,False,False
0.8107335880231724,0.8816922050756275,1.0230706207444475,1.0025001356407168,0.9927875088832334,0.9982441490018815,0.0008335327957501582,False,False
0.8386899186446611,0.91206303721437,1.0327850087303074,1.0477401770341321,1.0059972167426987,1.0233247963011354,0.0026720296597116944,False,False
0.8666462492661499,0.9424305898189247,1.0405888935641403,1.060434209883019,1.0175418702068,1.0319179414446351,0.0022543950704150273,False,False
0.8946025798876386,0.9727947552399074,1.0465168663341684,1.0464231470185374,1.0274354026904637,1.0327455516196746,0.0009948459780174668,False,False
0.9225589105091273,1.0031554259914326,1.0506097135799506,1.0206440991822627,1.035696575437772,1.0320088324739853,0.000813614548423991,False,False
0.950515241130616,1.0335124947562886,1.0529141493988725,1.0199032282384184,1.0423488533637462,1.03847955354584,0.0009105424634937576,False,False
0.9784715717521048,1.0638658543911061,1.0534825214719132,1.059597289673893,1.047420263052338,1.048374952950998,0.0001963281372130421,False,False
1.0064279023735934,1.0942153979315148,1.0523724925555646,1.055083242105907,1.0509432335327167,1.0510932712922116,3.219880198013225e-05,False,False
1.034384232995082,1.1245610185972919,1.049646699104114,1.0587348275305226,1.052954420525829,1.0529971032678627,9.453732549680183e-06,False,False
1.0623405636165708,1.1549026097975,1.0453723887951403,1.0961398712563033,1.05349451492023,1.0534997289106633,9.088329125939154e-07,False,False
1.0902968942380595,1.1852400651356136,1.0396210388305467,1.0420665619857936,1.052608036300041,1.0524721438529476,3.239445999159152e-05,False,False
1.1182532248595483,1.2155732784146382,1.0324679569752437,1.063105024495443,1.0503431124083085,1.0508248831792255,0.00010173899041920897,False,False
1.146209555481037,1.245902143642216,1.0239918673752701,1.0039630994198985,1.0467512454858015,1.0422819831095933,0.0011404099767731157,False,False
1.1741658861025257,1.2762265550357192,1.014274483266347,1.0350583775541393,1.0418870664781255,1.0409341063677182,0.00020909469371621636,False,False
1.2021222167240144,1.3065464070273376,1.0034000687422346,0.9718227000102252,1.035808078152757,1.0201739423729608,0.0038121635610726123,False,False
1.2300785473455031,1.3368615942691482,0.9914549917995752,0.9999518436665076,1.0285743882119949,1.0210403788212523,0.00168930073083573,False,False
1.2580348779669916,1.3671720116381774,0.9785272709119207,1.0153493670968958,1.0202484335277209,1.0187059547733899,0.0002993443561443154,False,False
1.2859912085884804,1.3974775542414508,0.9647061174102262,0.9857829014705138,1.0108946966590688,1.00155666550192,0.001914285950964767,False,False
1.313947539209969,1.4277781174210282,0.9500814759601426,0.938321851824898,1.0005794158445205,0.9726817973869131,0.005713632666779933,False,False
1.3419038698314578,1.458073596759029,0.9347435654279221,0.8995675473107342,0.9893702896853898,0.943433580588972,0.00893763370788142,False,False
1.3698602004529465,1.4883638880826444,0.9187824224167129,0.8625989969611779,0.9773361777580939,0.913784974082051,0.011790311539265685,False,False
1.3978165310744353,1.5186488874691353,0.9022874497335182,0.9239664639229554,0.9645467984078857,0.942218814795849,0.0038709637945613107,False,False
1.425772861695924,1.548928491250821,0.8853469720142993,0.8717340421170257,0.9510724249868339,0.9028705763807638,0.007757005187599086,False,False
1.4537291923174127,1.5792025960200502,0.868047800690811,0.8925073187088136,0.9369835818037053,0.9098745583589207,0.004304177247449914,False,False
1.4816855229389014,1.6094710986341614,0.8504748104280089,0.8214302948839177,0.9223507410530258,0.8573946585499921,0.009937616349175282,False,False
1.5096418535603902,1.6397338962204309,0.8327105290956207,0.8468447166984192,0.9072440219849763,0.8682178417034458,0.005877450286403019,False,False
1.5375981841818789,1.6699908861810058,0.8148347432620414,0.8107305646382684,0.891732893566935,0.8385284604398675,0.007917574156381169,False,False
1.5655545148033676,1.700241966197823,0.7969241211135542,0.7833435895784958,0.8758858818714558,0.814813332863251,0.009012143719288324,False,False
1.5935108454248563,1.7304870342375163,0.7790518546074408,0.8238808495346785,0.8597702834043478,0.8358800834865128,0.0034530273190180316,False,False
1.6214671760463448,1.7607259885563098,0.7612873225643398,0.7850448600027227,0.8434518855603709,0.8048248103776154,0.005698537113824176,False,False
1.6494235066678335,1.7909587277048966,0.7436957762938138,0.7237712220477908,0.8269946953630067,0.7580998695908012,0.00963126197664621,False,False
1.6773798372893223,1.8211851505333048,0.7263380492280456,0.7189582072554512,0.8104606776089273,0.7488451063201993,0.008365690264206804,False,False
1.705336167910811,1.8514051561957505,0.7092702919125906,0.6838162412059136,0.7939095034973118,0.7207365796017018,0.009871635512838484,False,False
1.7332924985322997,1.8816186441554767,0.6925437335707824,0.6829756533329207,0.777398310779232,0.7159451306608635,0.008703181762036716,False,False
1.7612488291537884,1.9118255141895801,0.6762044713204278,0.6105538099252471,0.7609814764131215,0.6658052019457403,0.01270032600034765,False,False
1.7892051597752772,1.9420256663938238,0.6602932879785767,0.6463311948391484,0.7447104026590619,0.6830639690614522,0.008991059532485857,False,False
1.8171614903967659,1.9722190011874403,0.644845499243111,0.6361021369125034,0.7286333174874925,0.6711699186435218,0.008307029291364953,False,False
1.8451178210182546,2.0024054193179186,0.6298908308894656,0.6526735330503048,0.712795090117212,0.6748998766420943,0.005363887798826128,False,False
1.8730741516397433,2.0325848218657825,0.6154533264676999,0.6081572383250564,0.697237062433437,0.6436780420575322,0.0076094851464241775,False,False
1.901030482261232,2.0627571102493585,0.6015512858302073,0.6150841999206321,0.6819968969694892,0.6423608792816892,0.005835768279385922,False,False
1.9289868128827208,2.09292218622953,0.5881972346643324,0.5974514520311542,0.6671084420656762,0.6282521160877982,0.00610268520436269,False,False
1.9569431435042095,2.123079951914487,0.5753979250478598,0.5222816038985499,0.6526016147463944,0.5842916727535158,0.009658695329113565,False,False
1.984899474125698,2.1532303097644614,0.5631543668895518,0.5682891479451784,0.6385023017817277,0.6029418047278051,0.0059913013774767765,False,False
2.0128558047471867,2.1833731625964616,0.551461889962382,0.6014317594597417,0.6248322793231433,0.6125194532249023,0.0020349495380858618,False,False
2.0408121353686757,2.2135084135889964,0.5403102360846563,0.501284793981138,0.6116091514246277,0.5622275218744079,0.008026180233125235,False,False
2.068768465990164,2.2436359662867926,0.5296836808545631,0.500244050321997,0.5988463076810586,0.5554594481044182,0.006998526549054751,False,False
2.096724796611653,2.2737557246055204,0.5195611841975906,0.5204564421508432,0.5865529001351433,0.5573509993449648,0.004797357431869709,False,False
2.1246811272331416,2.303867592836503,0.5099165688444648,0.495721269067491,0.5747338395231678,0.5425793449678262,0.005367974326009217,False,False
2.15263745785463,2.3339714756514387,0.5007187257204223,0.528844095879391,0.5633898108484403,0.5492102270162741,0.0024650123512719446,False,False
2.180593788476119,2.364067278107127,0.49193184509551485,0.45994170178580973,0.5525173081900399,0.5198280477098318,0.005520032180645562,False,False
2.2085501190976076,2.39415490565019,0.4835156722208396,0.4794887291434635,0.5421086885735824,0.5208666099861637,0.0038589862037441414,False,False
2.2365064497190965,2.424234264121824,0.47542578605775604,0.49146643631376347,0.5321522446505824,0.518442051259441,0.002478477154896408,False,False
2.264462780340585,2.454305259762545,0.46761389959691163,0.44775158850699975,0.5226322958539142,0.5002482513088959,0.003994576044993425,False,False
2.292419110962074,2.4843677992169684,0.4600281801617651,0.453166693757366,0.5135292976192002,0.49673327703761205,0.003184968545173694,False,False
2.3203754415835625,2.5144217895386043,0.45261358799789075,0.4793314204591486,0.5048199681860043,0.4978451288967076,0.0013749526445395732,False,False
2.3483317722050514,2.544467138194688,0.4453122313650464,0.47688541871910983,0.49647743241879366,0.4913305634688639,0.0010097248282502913,False,False
2.37628810282654,2.5745037530710397,0.43806373627435047,0.44320960674273896,0.4884713820160568,0.47798254858447775,0.0021062527835734035,False,False
2.404244433448029,2.6045315424769746,0.43080562894822877,0.40702043581880365,0.4807682514070324,0.46453818999785457,0.0031247247409907364,False,False
2.4322007640695174,2.63455041515026,0.42347372902643954,0.4497958554351929,0.47333140856950245,0.4683050302981229,0.0010390620892168911,False,False
2.4601570946910063,2.6645602802621386,0.4160025514976989,0.4392379916011405,0.46612135993927895,0.46051526552490274,0.0011395167176992682,False,False
2.488113425312495,2.6945610474224178,0.4083257153033535,0.4123053750146255,0.45909596852268486,0.4495866441493591,0.001893821951747976,False,False
2.5160697559339833,2.724552626684648,0.4003763565372582,0.42970181068595925,0.4522106842676654,0.4477431933235955,0.000913960433924832,False,False
2.5440260865554722,2.7545349285513976,0.392087544154478,0.3842348142548211,0.4454187856974765,0.4340784104165307,0.00241339294432269,False,False
2.5719824171769607,2.78450786397964,0.38339269610043236,0.3588829846013656,0.4386716317633277,0.4234681719637786,0.003208377812721458,False,False
2.5999387477984497,2.814471344386274,0.37422599378137206,0.3334859129562785,0.43191892282915767,0.41274844201743155,0.004110788763377227,False,False
2.627895078419938,2.8444252816537934,0.364522792816154,0.3855589271209625,0.4251089696630398,0.41696356959660663,0.0016832428612306716,False,False
2.655851409041427,2.874369588136133,0.35422002803755503,0.3272618678846459,0.4181889692757149,0.39872415770847264,0.004242267957129536,False,False
2.6838077396629156,2.9043041766647084,0.3432566107481463,0.3355286323346434,0.41110528641760274,0.39448164984107215,0.003680921755419564,False,False
2.7117640702844046,2.9342289605546936,0.33157381628013416,0.36984250620114284,0.4038037395214157,0.39561158810592956,0.0016860227892126212,False,False
2.739720400905893,2.964143853611545,0.3191156599596643,0.3147696190058601,0.39622988985834845,0.3742983688581231,0.004727838662648309,False,False
2.767676731527382,2.994048770137839,0.30582925963279234,0.3371822280264154,0.3883293326617862,0.3740181770863328,0.0030300631972936254,False,False
2.7956330621488705,3.023943624940434,0.29166518297172483,0.2706226299545409,0.38004798896363534,0.3444460593020827,0.007968583340350527,False,False
2.8235893927703595,3.053828333338032,0.2765777778449526,0.2795868798014783,0.37133239688476755,0.3385506012987273,0.006951506644296279,False,False
2.851545723391848,3.0837028111691684,0.26052548410283727,0.26445712849168307,0.362130001122699,0.3244747412646691,0.008200320317360205,False,False
2.8795020540133365,3.113566974800709,0.24347112520037545,0.21459922345075444,0.3523894393864952,0.290253430029508,0.013593338575836195,False,False
2.9074583846348254,3.143420741136914,0.22538217815112618,0.20420770307540548,0.34206082454096487,0.27478843300885014,0.014280557658082477,False,False
2.935414715256314,3.1732640276291413,0.20623102038079394,0.23157817309224396,0.331096021239437,0.28148070330132613,0.01003110031924448,False,False
2.963371045877803,3.2030967522862914,0.18599515212652368,0.22785761520973968,0.31944891584674184,0.2697089710141056,0.009503411180285665,False,False
2.9913273764992914,3.2329188336860697,0.16465739311004296,0.17425673230995972,0.3070756784813312,0.22755318361287835,0.015580002720507594,False,False
3.0192837071207803,3.262730190987204,0.14220605230146927,0.12138516555458728,0.2939350160376719,0.17528461279346663,0.02017537892152281,False,False
3.047240037742269,3.2925307439427134,0.11863506968891034,0.14326802246395995,0.27998841508700006,0.18450377846480864,0.015183515656204433,False,False
3.0751963683637578,3.3223204129143977,0.09394412908039822,0.08481615440571068,0.26520037359607274,0.12846615365263392,0.019496826642295725,False,False
3.1031526989852463,3.352099118888687,0.06813874109368079,0.115009026853451,0.24953862044953018,0.14798912143238238,0.014024438902550368,False,False
3.131109029606735,3.3818667834940417,0.04123029564049069,0.0718778487122305,0.23297432181168934,0.10446801526307269,0.015942644039338386,False,False
3.1590653602282237,3.4116233290201077,0.013236083390224501,0.04294822140199232,0.2154822734178405,0.07352590333268297,0.016259477939874395,False,False
3.1870216908497127,3.4413686784388546,-0.01582071409182144,-0.02973545044940308,0.19704107794315462,-0.000278148623391844,0.018420270104605008,False,False
3.214978021471201,3.471102755427956,-0.045911065590162906,-0.013635254769068891,0.1776333066589379,0.010814292492435013,0.015103801082958918,False,False
3.2429343520926897,3.5008254843967133,-0.07700016264186277,-0.11408646148467975,0.15724564465087087,-0.08888624154539784,0.018537348956472133,False,False
3.2708906827141786,3.530536790514849,-0.10904752254356988,-0.09848477586989988,0.13586901894186276,-0.07707968970855289,0.015483137841718314,False,False
3.298847013335667,3.5602365997445484,-0.142007121045327,-0.1281687768937838,0.11349870893285802,-0.10989937038674105,0.014096081280833811,False,False
3.326803343957156,3.589924838876175,-0.17582755341410616,-0.1478273090685539,0.090134438648137,-0.13195308565459263,0.012785912185533405,False,False
3.3547596745786445,3.6196014355681396,-0.21045222212410547,-0.1869212907626265,0.06578045034702476,-0.17225868391348434,0.01254741445389454,False,False
3.3827160052001335,3.649266318391463,-0.2458195489909679,-0.2221477354009621,0.04044555914112291,-0.2078092147373796,0.01273903983508122,False,False
3.410672335821622,3.6789194168796455,-0.28186320913055535,-0.32424405079752033,0.014143188334956591,-0.31050919966494983,0.013841790344270632,False,False
3.438628666443111,3.708560661584543,-0.3185123837117118,-0.32218289172721415,-0.013108614712130373,-0.31021815988268253,0.012113908806926782,False,False
3.4665849970645994,3.738189984139011,-0.3556920281132171,-0.3503706808844224,-0.041287182324129645,-0.3394787735804898,0.011490952368988228,False,False
3.4945413276860884,3.7678073173272266,-0.3933231518185243,-0.4430667154463567,-0.07036524988650633,-0.4326568975636068,0.01189398359004562,False,False
3.522497658307577,3.7974125951636646,-0.4313231062212823,-0.40175384588784524,-0.100310998822631,-0.393759500972829,0.0092517444001734,False,False
3.550453988929066,3.8270057529818624,-0.4696058765050059,-0.518099688727083,-0.13108811904537476,-0.5071321012343591,0.012747253582269857,False,False
3.5784103195505543,3.8565867275342463,-0.508082373935586,-0.5625024147178079,-0.16265589067970782,-0.5527141846664942,0.011950797599102447,False,False
3.606366650172043,3.8861554571044605,-0.5466607252963286,-0.5375527912167035,-0.19496928477196795,-0.529800756975524,0.009802853754074248,False,False
3.6343229807935318,3.9157118816338126,-0.585246556826278,-0.5799417395518446,-0.2279790826223753,-0.5732415868356175,0.009168594727966994,False,False
3.6622793114150203,3.945255942863679,-0.6237432709084672,-0.6382790425063551,-0.26163201329977803,-0.6314441260190755,0.009607570810381827,False,False
3.6902356420365092,3.9747875844959437,-0.6620523148970517,-0.6560672913628869,-0.29587090882179073,-0.649145547543001,0.009326329007090461,False,False
3.7181919726579977,4.004306752373797,-0.7000734428562737,-0.673134541326061,-0.3306348764097414,-0.6665320958424472,0.00884981027261933,False,False
3.7461483032794867,4.033813394685557,-0.7377049725756899,-0.689770658263522,-0.3658594871565455,-0.6837927636837597,0.008135959215747113,False,False
3.774104633900975,4.063307462194485,-0.7748440419690126,-0.7777824005651637,-0.40147698037695756,-0.7698662024111127,0.009767482517393122,False,False
3.802060964522464,4.0927889084979725,-0.8113868707792309,-0.7525824641445934,-0.4374164828440431,-0.7461370962930824,0.008154041222842467,False,False
3.8300172951439526,4.122257690319905,-0.8472290352979732,-0.8641086859951811,-0.4736042420532751,-0.8513700118686638,0.012299555185715572,False,False
3.8579736257654416,4.15171376784051,-0.8822657654384616,-0.9262149815564901,-0.5099638725968092,-0.9125143751621672,0.012810855255421194,False,False
3.88592995638693,4.181157105068542,-0.9163922748365914,-0.9526590938801147,-0.546416614675334,-0.9375871161633764,0.013085456126014361,False,False
3.913886287008419,4.21058767026129,-0.949504135538765,-0.9623120411300136,-0.5828816037237693,-0.9468361280744346,0.012778604936904692,False,False
3.9418426176299075,4.240005436398596,-0.9814977091077975,-0.9621660708125677,-0.6192761500801136,-0.9487941027108557,0.011197884008614545,False,False
3.969798948251396,4.269410381717895,-1.0122706454838233,-1.0078091866670227,-0.6555160275842056,-0.9916851714114427,0.01216099760054451,False,False
3.997755278872885,4.298802490318151,-1.0417224595352284,-1.0197323861302967,-0.6915157699551524,-1.0037911580978132,0.011650474517010179,False,False
4.0257116094943735,4.328181752841617,-1.0697551928137117,-1.0635713386623935,-0.7271889737629237,-1.043430424906591,0.013098614318123314,False,False
4.053667940115862,4.357548167243493,-1.0962741645173375,-1.1086872299712347,-0.7624486067812176,-1.0837626313201019,0.014267095640708272,False,False
4.081624270737351,4.386901739660804,-1.1211888110511232,-1.1239725631234676,-0.7972073204852493,-1.0975444142720447,0.014402887083313387,False,False
4.109580601358839,4.41624248539337,-1.144413607908852,-1.124413221510706,-0.8313777654398279,-1.1004107043088136,0.012949027399312363,False,False
4.137536931980328,4.44557043001131,-1.1658690610125537,-1.1711360789301233,-0.864872908309859,-1.1387509615607185,0.014581060158723957,False,False
4.165493262601817,4.474885610605391,-1.1854827473527274,-1.200142421833587,-0.8976063492174481,-1.1623020852137889,0.015022549302475596,False,False
4.193449593223306,4.5041880771986875,-1.2031903770753831,-1.1923511836408698,-0.929492638167091,-1.1592905183340951,0.013377689994708786,False,False
4.221405923844794,4.533477894340299,-1.218936841449081,-1.2370435931467954,-0.9604475892629122,-1.1914848142074368,0.014334758055901897,False,False
4.249362254466283,4.562755142904571,-1.2326772038803548,-1.2605254144236158,-0.9903885914497564,-1.2081423520089047,0.014076986490578425,False,False
4.277318585087772,4.5920199221222315,-1.2443775848540866,-1.2460611815110954,-1.01923491452288,-1.2013187743776146,0.012955342724831675,False,False
4.30527491570926,4.621272351873266,-1.254015886920277,-1.2454626492084984,-1.0469080091692096,-1.2046691054730378,0.011550061527377142,False,False
4.333231246330749,4.65051257527506,-1.2615823032035205,-1.2667243049836785,-1.0733317998263572,-1.219734145432985,0.0109625308993333,False,False
4.361187576952238,4.679740761603655,-1.267079552925299,-1.2837028042042495,-1.0984329691738348,-1.2310814710149136,0.010254564265007815,False,False
4.389143907573727,4.708957109590709,-1.2705227905867438,-1.2959741691377695,-1.1221412331040697,-1.2381662725714433,0.009746151953729632,False,False
4.417100238195215,4.738161851144104,-1.2719391421404909,-1.2597089359686795,-1.1443896050586744,-1.2243217923794865,0.007858152977980426,False,False
4.445056568816704,4.767355255546168,-1.2713668319170812,-1.2936412952628653,-1.1651146486579071,-1.2435819905439107,0.007492466253200436,False,False
4.473012899438193,4.796537634190164,-1.2688538783102983,-1.3128803574571162,-1.1842567175981256,-1.252415206460486,0.006878466023872987,False,False
4.500969230059682,4.825709345923277,-1.2644563540931888,-1.2390032414298526,-1.2017601818431702,-1.2246082483173129,0.0031856851090661387,False,False
4.52892556068117,4.854870803072672,-1.2582362283142785,-1.2869223385095359,-1.217573639190696,-1.2512517277656536,0.004359982291676778,False,False
4.556881891302659,4.884022478240605,-1.2502588303360824,-1.23628542278166,-1.2316501113533962,-1.2339888125937917,0.00040974337471166855,False,False
4.584838221924148,4.913164911964971,-1.2405900017942724,-1.2289338600544253,-1.2439472237575033,-1.2369748199219872,0.0013207264252579343,False,False
4.612794552545637,4.942298721353284,-1.2292930279069991,-1.2205640162004934,-1.2544273683266782,-1.2409202484135446,0.002928107487114251,False,False
4.640750883167125,4.971424609810873,-1.2164254642796277,-1.2072214717793097,-1.2630578485881585,-1.2448798738967652,0.004604592696679566,False,False
4.668707213788614,5.000543377998326,-1.2020359976129038,-1.186183568909581,-1.2698110065095083,-1.248075453776572,0.006395057649177249,False,False
4.696663544410103,5.029655936168755,-1.1861614969383694,-1.190655790519562,-1.2746643305482357,-1.2628762241959017,0.0037969389920803343,False,False
4.724619875031591,5.058763318052621,-1.168824424589121,-1.1808391895427222,-1.2776005444726082,-1.2732217777988515,0.0015885342290965498,False,False
4.75257620565308,5.08786669647656,-1.1500307815885167,-1.180665307580471,-1.2786076765898575,-1.2786059563382306,6.546642217220011e-07,False,False
4.780532536274569,5.116967400922886,-1.129768759234995,-1.118413818757258,-1.2776791090973596,-1.2672539645577159,0.004528834050785413,False,False
4.808488866896058,5.146066937258367,-1.1080082564205853,-1.1247761696087384,-1.2748136073529164,-1.242735066669765,0.012159954113972082,False,False
4.836445197517546,5.175167009884212,-1.084701400095352,-1.0607818305321834,-1.270015328941668,-1.1697185676383794,0.03139092309408542,False,False
4.864401528139035,5.204269546583932,-1.0597841742217948,-1.082169209658548,-1.2632938124990627,-1.1610602900555094,0.0267129283010743,False,False
4.892357858760524,5.233376726371549,-1.0331792210464013,-1.016512500336225,-1.2546639463313856,-1.0813871375831774,0.03391968679445423,False,False
4.920314189382013,5.262491010669084,-1.0047998286300484,-1.018076599479792,-1.2441459169572502,-1.070260422435238,0.02896847127721547,False,False
4.948270520003501,5.2916151781687635,-0.9745550619913987,-1.0153070179301356,-1.231765137774863,-1.054444844111965,0.023516878572386823,False,False
4.97622685062499,5.320752363761136,-0.9423559341445025,-0.9678327421736748,-1.2175521581404134,-1.0008303217247958,0.023032280137546546,False,False
5.0041831812464785,5.349906101933948,-0.9081224504457271,-0.9234453071616252,-1.2015425532223565,-0.9513060466949814,0.02173718193975588,False,False
5.032139511867967,5.379080375066816,-0.8717912980602263,-0.8502941190535835,-1.1837767950742122,-0.8729068919953074,0.02037332959088839,False,False
5.0600958424894555,5.40827966706107,-0.8333238952846689,-0.8405627517219127,-1.1643001054445976,-0.8592772750854192,0.017481841651083296,False,False
5.0880521731109445,5.43750902275008,-0.7927144662310451,-0.8049855539886528,-1.1431622909171373,-0.8208912845480318,0.015882417904823865,False,False
5.116008503732433,5.466774113529203,-0.74999776814326,-0.7582725772277554,-1.1204175610443856,-0.7730666933374145,0.01568524517029768,False,False
5.1439648343539215,5.49608130962152,-0.7052560741872168,-0.6688220311854146,-1.0961243302086796,-0.6809909116484097,0.014575031176363107,False,False
5.17192116497541,5.525437759350313,-0.6586250061806603,-0.6519523096035073,-1.0703450040085816,-0.6626997199661611,0.013475624828645727,False,False
5.199877495596899,5.554851475713959,-0.6102978209458017,-0.6374415343672416,-1.0431457510320392,-0.6458699514881848,0.01174311392541405,False,False
5.227833826218388,5.584331430445293,-0.5605277814522399,-0.5613308025419579,-1.0145962609363253,-0.5703122633121429,0.013006661922021878,False,False
5.255790156839876,5.6138876555738975,-0.5096282894076283,-0.4909628288331732,-0.9847694898099484,-0.49810439033951737,0.01247733968681719,False,False
5.283746487461365,5.6435313522836745,-0.4579705182262726,-0.4785292155546547,-0.9537413938428607,-0.48480951981322534,0.011622655325931819,False,False
5.311702818082854,5.673275006553372,-0.40597836224050277,-0.39289947798083286,-0.9215906523782094,-0.3996496635420701,0.012771031575074504,False,False
5.339659148704343,5.703132510666677,-0.3541206067377809,-0.391498402776155,-0.8883983814613498,-0.3980113772927565,0.011774156638476585,False,False
5.367615479325831,5.733119289160282,-0.30290032050622295,-0.2828257652560302,-0.8542478390397581,-0.29199686462946894,0.014266291961944566,False,False
5.39557180994732,5.76325242712054,-0.25284157444377464,-0.2669074649446343,-0.8192241230006445,-0.27485296113956914,0.013341133913213288,False,False
5.423528140568809,5.793550797917853,-0.2044736930128167,-0.17318104426079434,-0.7834138632613503,-0.1844235657546341,0.015578004706527857,False,False
5.451484471190297,5.82403518645933,-0.15831334712673295,-0.2039790103128701,-0.7469049091508725,-0.212057111286924,0.012930072701030956,False,False
5.479440801811786,5.854728402823243,-0.11484489578938725,-0.10516547472111831,-0.7097860133390903,-0.12090465962476526,0.017715392095381796,False,False
5.507397132433275,5.8856553796983135,-0.07449947941473628,-0.05566534406476008,-0.6721465135832742,-0.0722676287143586,0.01799109283701847,False,False
5.535353463054764,5.91684324538316,-0.03763346213919637,-0.06369197834981127,-0.63407601356926,-0.07791781887706617,0.015921731501791575,False,False
5.563309793676252,5.948321362219982,-0.004506917658416168,-0.013741402694143161,-0.5956640641272571,-0.029668053738301503,0.01643849212692622,False,False
5.591266124297741,5.980121318283019,0.02473704078584353,0.021390249786396948,-0.5569998460995202,0.003286807227138866,0.01724045556760201,False,False
5.61922245491923,6.012276857995053,0.05009116333880248,0.05655556012438744,-0.5181718561292209,0.035492107150213364,0.01830343914374072,False,False
5.647178785540719,6.0448237352341865,0.07170013079654175,0.059717835202235586,-0.479267596626634,0.03955539176650759,0.017051155978399832,False,False
5.675135116162207,6.0777994706125265,0.08987254419416994,0.14804043771093878,-0.440373271150477,0.11704750018426172,0.021766514959050395,False,False
5.703091446783696,6.1112429932305306,0.1050873957652714,0.06120829929701421,-0.40157348641881974,0.04301745435847894,0.015134739426144406,False,True
5.731047777405185,6.145194146694724,0.11799337005443251,0.1546024513545959,-0.3629509621356165,0.12694636005362814,0.019007091850617386,False,True
5.759004108026673,6.179693039979295,0.1293991351700411,0.1755269302642354,-0.32458624978561823,0.14712258880046752,0.018805789102872825,False,True
5.786960438648162,6.21477922633588,0.14025267517614562,0.17616999280959744,-0.286557461512488,0.14753216321651896,0.018671961046087232,False,True
5.814916769269651,6.250490698472738,0.15160777473804476,0.12631326732533715,-0.24894001015238043,0.10562700218498819,0.014770890560469693,False,True
5.84287309989114,6.286862696174309,0.1645761171355994,0.11118059214085695,-0.21180636144826676,0.09640599174206475,0.011186120485710951,False,True
5.870829430512628,6.323926333833407,0.18026423966510843,0.2155691823302202,-0.17522579941920013,0.18888752719377616,0.015893476159851677,False,True
5.898785761134117,6.361707070187298,0.1996959467742166,0.166303460880758,-0.13926420580353,0.14702168912205588,0.012732782277641103,False,True
5.926742091755606,6.400223060637405,0.22372280388264681,0.1831138281799214,-0.1039838544362365,0.1631555961512977,0.01252561986307174,False,True
5.954698422377095,6.439483453063076,0.2529280030435914,0.31494344385554623,-0.06944322135809883,0.27406043958028514,0.01842944057091056,False,True
5.982654752998583,6.4794867094680315,0.2875319933271118,0.25759711994559936,-0.035696811388791105,0.23107598663045242,0.014049265006734354,False,True
6.010611083620072,6.5202190558082735,0.32731133384271327,0.32957798811488737,-0.0027950018273320554,0.2877855873181918,0.017685931349864653,False,True
6.038567414241561,6.561653177941163,0.3715445097186315,0.3764268688450844,0.029216096128010682,0.3256415589209968,0.018364124370180646,False,True
6.06652374486305,6.603747289399785,0.41899900704840715,0.3746381162717601,0.06029475772204723,0.3256108092413754,0.017560285398949493,False,True
6.094480075484538,6.646444693313999,0.4679718368091272,0.450148768010703,0.09040374630471643,0.37133790639717873,0.020785882982524595,False,True
6.122436406106027,6.689673943710923,0.5163903341606361,0.5166996733073662,0.11951039594802476,0.40458170493984635,0.0215360289794172,False,True
6.1503927367275155,6.7333496795860075,0.5619715587324832,0.6376113057123584,0.1475866747321105,0.457286021725975,0.017950691840340233,False,True
6.178349067349004,6.777374159657294,0.6024280961551616,0.5922100341423844,0.17460922849493826,0.445810780137043,0.018464817854622423,False,True
6.2063053979704925,6.821639470217826,0.6356976115596703,0.6099117846653933,0.2005594049211505,0.4506587901429202,0.017731286551143116,False,True
6.2342617285919815,6.866030318944539,0.6601658127548193,0.7152246874110122,0.22542325792711582,0.4808078108000955,0.014322136440841404,False,True
6.26221805921347,6.910427271462514,0.6748500300532617,0.6921488056113997,0.24919153238088745,0.47852698542529204,0.014512049369869634,False,True
6.2901743898349585,6.954710242799005,0.6795147967905473,0.6739681713972672,0.27185962927719665,0.47942448026630036,0.01388893887228243,False,True
6.318130720456447,6.998762029317622,0.6747012447134508,0.6761968736721764,0.2934275515685324,0.47857191754190853,0.013855376911082934,False,True
6.346087051077936,7.042471662453987,0.6616666006227432,0.5961932690024406,0.3138998309333666,0.46563496845496366,0.0134631828633483,False,True
6.374043381699425,7.085737384258105,0.6422451534904566,0.6694943599451687,0.3332854358414231,0.4873672366641216,0.01168529222455153,False,True
6.401999712320913,7.128469083437826,0.618654196068086,0.6333239067137191,0.3515976613531625,0.47711605506537064,0.0123513030297622,False,True
6.429956042942402,7.170590083365668,0.593275069601943,0.5674962578752033,0.36885400116610245,0.46477597285532124,0.01115995164055461,False,True
6.457912373563891,7.212038232711857,0.5684396895179131,0.5826269228322404,0.38507600249384766,0.47428288192881596,0.01026468713626641,False,True
6.485868704185379,7.252766307151751,0.5462476784358656,0.5470759069114517,0.400289104434543,0.4679047061698325,0.008667004008341694,False,True
6.513825034806868,7.292741780303073,0.5284305555141671,0.5800433846636155,0.41452246055348374,0.4809367148393607,0.00857161400708173,False,True
6.541781365428357,7.331946059151532,0.5162697848641227,0.525693084737636,0.4278087464696288,0.46745959833882234,0.006266230490098612,False,True
6.569737696049846,7.3703733017049196,0.510566962954037,0.5088644721056224,0.4401839532974871,0.4677975054047687,0.004469189772360299,False,True
6.597694026671334,7.40802894279293,0.5116583126761833,0.5061617047167098,0.45168716785395724,0.47229870089308085,0.0034376645864476474,False,True
6.625650357292823,7.444928049893395,0.5194623514277381,0.5061243599863433,0.4623603405940482,0.47775007521020363,0.0026196877450339606,False,True
6.653606687914312,7.481093617741745,0.5335488160575064,0.5300531031471455,0.4722480422897187,0.4890396019226227,0.003033656677694896,False,True
6.681563018535801,7.516554891713264,0.5532179717743905,0.5830616446284267,0.4813972105121387,0.5059321645803518,0.004036641863834789,False,True
6.709519349157289,7.551345788750807,0.5775815190810625,0.5727256812534408,0.4898568870193296,0.5085256445751793,0.003215641173767325,False,True
6.737475679778778,7.58550346353065,0.60563876009368,0.5835459181384091,0.4976779471881913,0.5137458001811365,0.0029842815521206045,False,True
6.765432010400267,7.619067048443001,0.6363440109125965,0.6576236258282934,0.5049128226622102,0.527161215329286,0.0038132016517068434,False,True
6.793388341021756,7.652076579889483,0.6686631792260683,0.6758377439086511,0.5116152184135928,0.533473579832055,0.003603722571010659,False,True
6.821344671643244,7.684572110809191,0.7016188681872539,0.7024181366285268,0.5178398254409623,0.5391612542193234,0.003538697825382353,False,True
6.849301002264733,7.716593000204186,0.7343243369669092,0.7249698550182319,0.5236420303411046,0.5447137330090757,0.0034649408454394126,False,True
6.877257332886222,7.748177364401278,0.7660072254577148,0.7320770490340492,0.5290776230054317,0.5472853001972697,0.003284123768800884,False,True
6.90521366350771,7.779361671351108,0.7960242366977569,0.8201073607084938,0.5342025036987964,0.5559243071604354,0.0035896850612945896,False,True
6.933169994129199,7.810180457864792,0.8238680623009842,0.8307785837260003,0.5390723907800161,0.5625529779565567,0.003819234869478716,False,True
6.961126324750688,7.84066614978068,0.8491678125104524,0.8239584669263245,0.5437425303199706,0.5640882012840975,0.0037010814477775877,False,True
6.989082655372177,7.87084896616199,0.8716841308545762,0.914565161361534,0.5482674088643856,0.5747651756414001,0.0045646200985347,False,True
7.017038985993665,7.900756890358301,0.8913000710635908,0.8636806081786218,0.5527004705744953,0.5775685167835674,0.0046466171575019755,False,True
7.044995316615154,7.930415692816842,0.9080087119013731,0.9326805790203953,0.5570938399597025,0.5847905059558471,0.005187287218106518,False,True
7.072951647236643,7.9598489926816605,0.9218983931587869,0.9388563362223273,0.5614980513922566,0.5946425395657671,0.006307439838799611,False,True
7.100907977858132,7.989078347318276,0.9331363749412313,0.9360059676950365,0.5659617865648888,0.6005300741023905,0.007031442463223847,False,False
7.12886430847962,8.018123360852305,0.9419516500577998,0.975733944119221,0.570531621018444,0.6130329211189607,0.008715585006289939,False,False
7.156820639101109,8.047001804559507,0.948617571527173,0.9631962082789354,0.5752517808279752,0.6210775523867146,0.009773522301431359,False,False
7.184776969722598,8.07572974346875,0.9534348895963582,1.004922233332089,0.5801639104926187,0.6311561261482499,0.010819502865573927,False,False
7.212733300344086,8.104321664837245,0.9567157217409592,1.0436540580704015,0.5853068530271169,0.650247929142407,0.013525781003930759,False,False
7.240689630965575,8.132790605240093,0.9587689027568855,0.9756573083263964,0.5907164432012216,0.6449306878205204,0.011494337462311432,False,False
7.2686459615870636,8.161148273903699,0.9598870796284709,0.9254056376239372,0.596425314817644,0.654935295708407,0.013479646859936356,False,False
7.2966022922085525,8.189405170627666,0.9603358281124798,0.9287324724752356,0.6024627228599362,0.6685669679240182,0.015640133498224018,False,False
7.3245586228300406,8.217570697206398,0.9603449767886432,1.0092724808053402,0.6088543812789664,0.7084839597951471,0.02109747604044837,False,False
7.3525149534515295,8.245653261703245,0.9601022323797082,0.9444932454846587,0.6156223171206825,0.6940072263493715,0.01802559046438973,False,False
7.3804712840730184,8.273660375267736,0.9597491105809982,0.9359727970547225,0.6227847416290084,0.7128337327879649,0.019819547378480795,False,False
7.408427614694507,8.301598741439545,0.9593790927272612,0.9408090352938387,0.6303559388861928,0.7279018521590981,0.02136156396513078,False,False
7.4363839453159954,8.329474338067559,0.9590378534518255,0.982710385557365,0.6383461724790613,0.7512315719816963,0.02380082110372511,False,False
7.464340275937484,8.357292492103173,0.9587253407235629,0.9166644280946766,0.6467616106037342,0.743898746976807,0.020131756814532165,False,False
7.492296606558973,8.385057947614932,0.9583994393353062,0.9894953483086485,0.655604269943723,0.7832796848033282,0.0246669887451903,False,False
7.520252937180461,8.41277492742713,0.957980913388555,0.9218669945198258,0.664871978577302,0.764252916446345,0.02032529232049196,False,False
7.54820926780195,8.440447188815297,0.9573593031157451,0.9603944188322515,0.6745583580899293,0.7947631617463558,0.022654630161320966,False,False
7.576165598423439,8.46807807370318,0.9563994462677844,0.9604117979160579,0.6846528249866423,0.799379363125146,0.022112207288611907,False,False
7.604121929044928,8.495670553804024,0.9549483033154432,0.9207778580633832,0.6951406114180897,0.7938252716952753,0.018710368060491367,False,False
7.632078259666416,8.52322727113715,0.9528417872926525,0.9398681697581349,0.7060028051525233,0.8107919244981592,0.019277783005950733,False,False
7.660034590287905,8.550750574332678,0.9499113311820322,0.8972813247295841,0.7172164086450113,0.8010935476608225,0.015235433968968703,False,False
7.687990920909394,8.578242551114537,0.9459899659011478,0.9311520676246043,0.7287544169746538,0.8243017276483589,0.016822015706268345,False,False
7.715947251530883,8.605705057326773,0.9409177276015934,0.9617158030789693,0.7405859143410684,0.8460901503517193,0.017615017659720345,False,False
7.743903582152371,8.633139742841914,0.9345462615204565,0.9292649954360067,0.7526761887331321,0.8393863737924374,0.014443297488669682,False,False
7.77185991277386,8.660548074663454,0.9267425385143143,0.9679719180292284,0.7649868643062954,0.861526231564423,0.015995832744207128,False,False
7.799816243395349,8.687931357508502,0.9173916473804472,0.9008626078121367,0.7774760509300155,0.8355007228602851,0.010674866246693893,False,False
7.827772574016838,8.715290752131484,0.9063986691774232,0.8777174365630044,0.7900985102943143,0.8346452156485427,0.00736823562505623,False,False
7.855728904638326,8.742627291625846,0.8936896774430292,0.9166974711188268,0.8028058378944298,0.8583499363593681,0.00940304115230195,False,False
7.883685235259815,8.769941895918324,0.8792119393522184,0.8492817215940149,0.815546660145303,0.8316153818458071,0.0029996782753526907,False,False
7.911641565881304,8.797235384649458,0.8629334167884634,0.8187740162685184,0.8282668458135434,0.8234900327102196,0.0008254483270025981,False,False
7.939597896502792,8.82450848861474,0.8448416827767917,0.8366971013619366,0.8409097308936998,0.8387886588663147,0.0003610897246728584,False,False
7.967554227124281,8.851761859923126,0.8249423778986138,0.8229002619997621,0.8534163559985433,0.838992848252361,0.0027078033882179664,False,False
7.99551055774577,8.878996081013439,0.80325733367033,0.7577718153673069,0.8657257152797055,0.8143701978385055,0.009488736689726551,False,False
8.023466888367258,8.906211672654528,0.7798224861864432,0.7636187655796646,0.8777750158458035,0.8223411764095585,0.009854448625075674,False,False
8.051423218988747,8.933409101041734,0.7546856945712997,0.7524790683817958,0.889499946600175,0.8257184204071737,0.011926075723839302,False,False
8.079379549610236,8.960588784090136,0.7279045660446548,0.7293171799700128,0.9008349553798359,0.8235063692625251,0.014813157118826248,False,False
8.107335880231725,8.987751097014261,0.6995443738311696,0.7089411673725977,0.9117135332413794,0.8249944596386596,0.01734544112863229,False,False
8.135292210853214,9.014896377274185,0.669676136865489,0.660805358066022,0.922068504708427,0.8169371676778523,0.021493522655263553,False,False
8.163248541474703,9.042024928959181,0.6383749123257182,0.6149006180758324,0.9318323227690244,0.8062714400998131,0.024583270574384863,False,False
8.191204872096192,9.069137026672264,0.6057183344158897,0.6080406719230447,0.9409373673901783,0.8146381550017893,0.02526030376556848,False,False
8.219161202717679,9.096232918971946,0.5717854163111583,0.5812395244922381,0.9493162463006731,0.8274464818620545,0.025052037759909718,False,False
8.247117533339168,9.123312831421332,0.5366556174067618,0.5285575986532643,0.9569020967823673,0.8332925458461542,0.023956015601585945,False,False
8.275073863960657,9.150376969288954,0.5004081654250124,0.4730311713920913,0.9636288872044751,0.8338220608653204,0.024334754699515182,False,False
8.303030194582146,9.177425519940948,0.4631216128085601,0.46359692671911457,0.9694317170349276,0.8586286274659115,0.021489846279050817,False,False
8.330986525203635,9.204458654959568,0.4248735992750434,0.39429199092527095,0.974247114067667,0.8670472403385903,0.020625898498315365,False,False
8.358942855825124,9.23147653201921,0.3857407873929431,0.42688410468724575,0.9780133276147697,0.9035646743427941,0.01652514625595347,False,False
8.386899186446612,9.258479296547552,0.3457989354052399,0.3695754037488821,0.980670616427529,0.9444045862420465,0.008852096297268075,False,False
8.4148555170681,9.285467083196274,0.3051230710248182,0.32390254032137666,0.9821615301309456,0.9738952407059609,0.0022626312085960443,False,False
8.442811847689589,9.312440017143127,0.26378773123452676,0.22448584953788753,0.9824311829814827,0.9798213377711282,0.0007928072069062764,False,False
8.470768178311078,9.339398215244534,0.22186723588713878,0.24387215041614904,0.9814275187882497,0.9102831244233422,0.01853909271629728,False,False
8.498724508932566,9.366341787055871,0.179435966741484,0.17701236050857694,0.9791015658729516,0.7824724764113697,0.044372588159821647,False,False
8.526680839554055,9.393270835734493,0.13656862812468076,0.1541517791251903,0.9754076809837303,0.6379364659268215,0.0689930723671986,False,False
8.554637170175544,9.420185458838931,0.0933404703340429,0.07031620525625785,0.9703037811223499,0.49120585063738786,0.08887188905747409,False,False
8.582593500797033,9.447085749036148,0.049827461882910935,0.022603639897021018,0.9637515622928494,0.3442061055437373,0.11043514332865531,False,False
8.61054983141852,9.473971794727346,0.006106401497318578,0.023058920833178793,0.9557167042325386,0.23576491473220001,0.11904457333652195,False,False
8.63850616204001,9.500843680601681,-0.037745034816907524,-0.02755422138408126,0.9461690602428949,0.15072316074245423,0.11795982854972872,False,False
8.666462492661498,9.527701488126107,-0.08164831244094103,-0.08964270504829988,0.9350828312983095,0.06459805565281058,0.11275883871905673,False,False
8.694418823282987,9.554545295978688,-0.1255241201028215,-0.11557064105929762,0.9224367236743768,0.002521384966085529,0.10021151262038736,False,False
8.722375153904476,9.58137518043184,-0.16929251012007407,-0.1695532777559134,0.9082140894043955,-0.053353034344018835,0.09997575235829767,False,False
8.750331484525965,9.608191215691248,-0.2128730900242521,-0.13695556447990498,0.89240304894259,-0.06842639757790916,0.0709111679480374,False,False
8.778287815147454,9.63499347419552,-0.2561852574224542,-0.24427508370875292,0.874996595484989,-0.1495981549529748,0.09100789509366208,False,False
8.806244145768943,9.661782026881111,-0.29914846929447164,-0.28686690969367123,0.8559926804736427,-0.20942919690787537,0.07867115288823365,False,False
8.83420047639043,9.688556943416444,-0.34168253677704125,-0.3400231523303635,0.8353942798866087,-0.26459030185639176,0.0768867505308253,False,False
8.86215680701192,9.71531829240882,-0.3837079367603078,-0.345617822350681,0.8132094409945244,-0.2872782846432662,0.06346408376789345,False,False
8.890113137633408,9.742066141587179,-0.4251461322213507,-0.3998665232886491,0.7894513093443893,-0.33679107555238846,0.06737447606205019,False,False
8.918069468254897,9.76880055796352,-0.46591989405433387,-0.44918739718472184,0.7641381358119306,-0.386560036913663,0.06628156101152585,False,False
8.946025798876386,9.795521607975408,-0.5059536181392545,-0.5079362079121602,0.7372932636454465,-0.4417239136722597,0.06818550841788784,False,False
8.973982129497875,9.822229357611729,-0.5451736324452661,-0.550633033869898,0.7089450955058478,-0.4827940299981436,0.06873874543017172,False,False
9.001938460119364,9.848923872523642,-0.5835084900246307,-0.5991063839292855,0.6791270405894817,-0.520683148689071,0.07533164826769323,False,False
9.029894790740851,9.875605218122374,-0.6208892447671328,-0.686223404664106,0.647877442001864,-0.5987490926102965,0.07813313708405795,False,False
9.05785112136234,9.902273459665428,-0.6572497077134664,-0.6634385835407142,0.615239484631324,-0.5805150796297249,0.07471912559664823,False,False
9.085807451983829,9.928928662332478,-0.6925266825422801,-0.6748540035696033,0.5812610838514971,-0.6130919909686382,0.060908329271557426,False,False
9.113763782605318,9.955570891292153,-0.7266601795347215,-0.754757738762615,0.5459947554601128,-0.6776686781401406,0.06705320224186173,False,False
9.141720113226807,9.98220021176076,-0.7595936078763973,-0.7618292598513923,0.5094974673385372,-0.6885927676125417,0.06400400498348713,False,False
9.169676443848296,10.008816689053868,-0.7912739465828894,-0.7956065445254193,0.4718304733914441,-0.7242771961528959,0.06072676329176652,False,False
9.197632774469785,10.035420388631545,-0.8216518946399164,-0.8269166892802858,0.43305913039872834,-0.7516730849195656,0.06059612803983078,False,False
9.225589105091274,10.062011376138011,-0.8506820011467606,-0.8387398407328241,0.3932526984818868,-0.7672968635642661,0.056875249638076886,False,False
9.253545435712761,10.088589717436319,-0.8783227763575804,-0.8722648421372404,0.35248412595439493,-0.7999079068230261,0.054562261282315005,False,False
9.28150176633425,10.115155478638655,-0.9045367845473946,-0.9014358586993408,0.3108298193896919,-0.82716977069927,0.052644496139580776,False,False
9.309458096955739,10.141708726132718,-0.9292907196052879,-0.9287999808312644,0.2683693998012159,-0.8470981046870547,0.05375363998829796,False,False
9.337414427577228,10.168249526604676,-0.9525554641936105,-0.9265015659096111,0.2251854458858891,-0.8580869192474422,0.04592767058533426,False,False
9.365370758198717,10.194777947059062,-0.9743061332232197,-1.0038716290299448,0.18136322533575983,-0.9101318821081594,0.050349557223771435,False,False
9.393327088820206,10.22129405483597,-0.9945221022944299,-0.9607816610780431,0.13699041527152547,-0.8857324294493335,0.04538473804214449,False,False
9.421283419441695,10.247797917625832,-1.0131870216515781,-1.013699918159105,0.09215681289647316,-0.9309128698581972,0.042211446156793175,False,False
9.449239750063182,10.274289603482094,-1.0302888161042656,-1.0453348912151477,0.04695403750962565,-0.952604666556295,0.04246583010066579,False,False
9.47719608068467,10.300769180832006,-1.0458196712860743,-1.0431367444804005,0.0014752250525018676,-0.954260277555521,0.040684927285888295,False,False
9.50515241130616,10.327236718485738,-1.0597760065557913,-1.0616391509284098,-0.044185283605230864,-0.9724374267612685,0.03727036296286379,False,False
9.533108741927649,10.353692285644007,-1.0721584347986186,-1.0885554137089477,-0.08993225941018614,-0.9880837528218185,0.03737184718819081,False,False
9.561065072549138,10.380135951904418,-1.082971709356012,-1.0621280768935821,-0.13566990564779327,-0.9808034534751182,0.03307036150169712,False,False
9.589021403170626,10.406567787266637,-1.0922246583017232,-1.127153126101912,-0.18130218097531872,-1.0177576416702099,0.032551936782670876,False,False
9.616977733792115,10.4329878621365,-1.099930106286753,-1.065843859857426,-0.22673312368725954,-0.9829227855072439,0.03245331527076123,False,False
9.644934064413604,10.459396247329263,-1.1061047841949774,-1.0637655315920274,-0.27186717592970305,-0.9925308252055987,0.027348451042209898,False,False
9.672890395035092,10.485793014071985,-1.1107692268814753,-1.1315906318083957,-0.31660950658023873,-1.0316478386654162,0.026598820071075835,False,False
9.70084672565658,10.512178234005255,-1.1139476593046573,-1.1075859601239373,-0.36086633151530717,-1.0206427383379222,0.026476829706319815,False,False
9.72880305627807,10.538551979184193,-1.1156678714082426,-1.1234324487787082,-0.4045452299972788,-1.0319831016762921,0.024976736307297243,False,False
9.756759386899558,10.564914322078979,-1.115961082157867,-1.1125139413147584,-0.44755545592934026,-1.0286289049426736,0.023995153802584435,False,False
9.784715717521047,10.591265335574809,-1.1148617931871856,-1.1215807913476719,-0.4898082427470133,-1.0375821462485861,0.02191418179365312,False,False
9.812672048142536,10.61760509297143,-1.1124076325582122,-1.1478185010623916,-0.5312171007410273,-1.0510903822911333,0.021095755212825806,False,False
9.840628378764025,10.643933667982287,-1.1086391891886118,-1.111837716664258,-0.5716981056370505,-1.0332915999290337,0.021442506612387224,False,False
9.868584709385512,10.670251134733268,-1.1035998385438113,-1.0851231677955417,-0.611170177293424,-1.0212621921017884,0.02009174580863582,False,False
9.896541040007001,10.696557567761225,-1.097335560233032,-1.064743373852904,-0.6495553474183122,-1.0143435200902062,0.017445022231968532,False,False
9.92449737062849,10.722853042012101,-1.089894748185422,-1.1064420889254767,-0.6867790152524136,-1.0391742002295459,0.01793639906230693,False,False
9.95245370124998,10.749137632838899,-1.081328014114754,-1.0318113569946221,-0.7227701902125753,-0.9944155037672038,0.014973135614529898,False,False
9.980410031871468,10.775411415999384,-1.0716879850087644,-1.0637311975670412,-0.7574617205447429,-1.0196134554400482,0.014557663209959326,False,False
10.008366362492957,10.801674467653594,-1.06102909540202,-1.1140619598348798,-0.7907905070918495,-1.049836710310079,0.015232352211152822,False,False
10.036322693114446,10.827926864361183,-1.049407375209375,-1.0264029726980668,-0.8226977013429635,-0.9977521560858145,0.011352931835135527,False,False
10.064279023735933,10.85416868307859,-1.036880233910874,-1.0765186287953294,-0.8531288869941978,-1.0345531198226459,0.012307517779409638,False,False
10.092235354357422,10.880400001156076,-1.0235062418884342,-1.021104051406236,-0.8820342443191804,-0.9986552585875083,0.008863454003949944,False,False
10.120191684978911,10.906620896334644,-1.0093449097203235,-1.011875130227322,-0.9093686967170187,-0.995646959457722,0.00664733201079204,False,False
10.1481480156004,10.932831446742817,-0.994456466241351,-1.0186517829541695,-0.9350920388785027,-1.0030662468779072,0.00602810855223368,False,False
10.176104346221889,10.959031730893342,-0.9789016361751552,-0.95546776691494,-0.959169046086242,-0.9560460771153789,0.00028982983300213094,False,False
10.204060676843378,10.985221827679789,-0.9627414181403054,-0.9224200357759276,-0.9815695642414441,-0.9306046920738273,0.004603263269596758,False,False
10.232017007464867,11.011401816373075,-0.9460368638241696,-0.9226448940954689,-1.0022685802886802,-0.9339952202803129,0.006345687835572544,False,False
10.259973338086356,11.037571776617899,-0.9288488591080136,-0.9739347905935718,-1.0212462727899223,-0.9843751234741853,0.004522974358577403,False,False
10.287929668707843,11.063731788429129,-0.9112379079135255,-0.9136663640801641,-1.0384880424801017,-0.939054714090888,0.013315721995478202,False,False
10.315885999329332,11.089881932188119,-0.8932639195252752,-0.9075588004395787,-1.0539845227180467,-0.9414570290286494,0.017396047555046867,False,False
10.34384232995082,11.116022288638966,-0.8749860001254798,-0.8379769243938235,-1.0677315698285834,-0.8830908526466889,0.02754751830348301,False,False
10.37179866057231,11.142152938884733,-0.8564622492569406,-0.8721140672777618,-1.0797302334135328,-0.9276456704146132,0.0286371336894764,False,False
10.399754991193799,11.168273964383603,-0.8377495619074593,-0.8261728146708531,-1.089986706790884,-0.9053892973236555,0.04138805204990159,False,False
10.427711321815288,11.194385446945025,-0.8189034368841841,-0.8199269248026787,-1.0985122578023225,-0.924557518884915,0.04757602545485168,False,False
10.455667652436777,11.220487468725793,-0.7999777921196549,-0.7827829434319591,-1.1053231403091626,-0.9337546332821062,0.054947903250580854,False,False
10.483623983058264,11.246580112226093,-0.7810247875225327,-0.7585149803836848,-1.1104404867752347,-0.9649649600069368,0.05109328364522847,False,False
10.511580313679753,11.272663460285553,-0.7620946559554812,-0.7515233972731591,-1.1138901824121379,-1.0343466913224193,0.031050386390155338,False,False
10.539536644301242,11.298737596079219,-0.7432355428904285,-0.7400461611703775,-1.115702721437115,-1.0979335508333132,0.007699427322627628,False,False
10.56749297492273,11.324802603113529,-0.7244933552574705,-0.7579237963291833,-1.115913046066359,-1.1119002503312916,0.001743941495383261,False,False
10.59544930554422,11.350858565222257,-0.7059116199683031,-0.6854751679124135,-1.114560368936532,-1.0615598436443123,0.019916584032158458,False,False
10.623405636165709,11.376905566562446,-0.6875313525582055,-0.6697379330090723,-1.1116879797143429,-0.992090502070909,0.03503542332328646,False,False
10.651361966787197,11.402943691610304,-0.6693909363525441,-0.6857945502894123,-1.1073430367179493,-0.9492156933972741,0.042606492027163045,False,False
10.679318297408686,11.428973025157074,-0.6515260125244662,-0.6783497899180809,-1.101576344434438,-0.9028542481416695,0.05001436538018189,False,False
10.707274628030174,11.454993652304923,-0.6339693813701753,-0.5972204441857275,-1.0944421178744554,-0.8251424743871194,0.05471172876809044,False,False
10.735230958651663,11.481005658462784,-0.6167509150871009,-0.5953592224699968,-1.0859977347579846,-0.8009657158469781,0.05310931394953977,False,False
10.763187289273151,11.507009129342176,-0.5998974822983285,-0.5975814840976554,-1.0763034765740245,-0.784493298064652,0.051486725519409804,False,False
10.79114361989464,11.533004150953031,-0.583432884524184,-0.6116776340084615,-1.0654222596014298,-0.7658173879924866,0.047213141617310606,False,False
10.81909995051613,11.55899080959951,-0.5673778047589777,-0.5306915066400328,-1.0534193570180863,-0.7010352007718553,0.04812421007597728,False,False
10.847056281137618,11.584969191875775,-0.5517497682676991,-0.5667251582356259,-1.0403621132609189,-0.7135873830683931,0.044903267873982244,False,False
10.875012611759107,11.61093938466179,-0.5365631156740156,-0.5244653517116187,-1.026319651829669,-0.6777837582065336,0.04478752933348423,False,False
10.902968942380594,11.63690147511907,-0.5218289883676819,-0.4828900296880516,-1.011362577752944,-0.6434211395898559,0.043857718467544604,False,False
10.930925273002083,11.662855550686464,-0.5075553262160907,-0.5120470872297499,-0.9955626759554799,-0.6525196263943354,0.04108868792382281,False,False
10.958881603623572,11.68880169907588,-0.4937468775219328,-0.48457941677569644,-0.9789926067809663,-0.6246606678520865,0.03931769699707682,False,False
10.986837934245061,11.714740008268047,-0.4804052211262595,-0.4493029309310274,-0.9617255999349223,-0.6020478382571389,0.0396517915292906,False,False
11.01479426486655,11.740670566508223,-0.46752880051447643,-0.49724600542216557,-0.9438351481170453,-0.6190888975195264,0.03554489282515838,False,False
11.04275059548804,11.766593462301936,-0.45511296974145676,-0.4398671708964337,-0.9253947016121589,-0.5792692653942622,0.03557312317098327,False,False
11.070706926109528,11.792508784410693,-0.4431500509516807,-0.4302204599545326,-0.906477365103327,-0.5696325500533059,0.03483222236960026,False,False
11.098663256731015,11.818416621847682,-0.4316294032308978,-0.44169005371548803,-0.8871555979598894,-0.5652165174122463,0.03188940488245817,False,False
11.126619587352504,11.844317063873481,-0.4205375024874938,-0.3932911141523919,-0.867500919237238,-0.5353440229385211,0.03181032729351607,False,False
11.154575917973993,11.87021019999175,-0.40985803202474264,-0.3964858527289962,-0.8475836186040959,-0.5355582681889497,0.03145190662615305,False,False
11.182532248595482,11.896096119944907,-0.39957198342936706,-0.4143558957516606,-0.827472474386912,-0.5373650409782859,0.029231539600859224,False,False
11.210488579216971,11.92197491370983,-0.38965776736758134,-0.3960220070889164,-0.8072344798900343,-0.5243549323230208,0.028443514056894714,False,False
11.23844490983846,11.947846671493517,-0.38009133384710936,-0.32462546335075054,-0.7869345791145178,-0.4817310154012623,0.0276394907285325,False,False
11.266401240459949,11.97371148372876,-0.3708463014725997,-0.3678358446994856,-0.7666354129579768,-0.5041998080026812,0.027530172474125675,False,False
11.294357571081438,11.999569441069816,-0.36189409519259397,-0.38564257159370446,-0.7463970769330294,-0.5022284948930231,0.024820815251134,False,False
11.322313901702925,12.025420634388068,-0.3532040920087703,-0.3597483254525618,-0.7262768913927099,-0.48605192448380097,0.02452542091602647,False,False
11.350270232324414,12.051265154767673,-0.3447437740926319,-0.3928337874152722,-0.7063291851979504,-0.49497001146040065,0.021669343195422658,False,False
11.378226562945903,12.077103093501231,-0.33647888873131526,-0.32234088201200933,-0.686605093705185,-0.46308675383038445,0.023314957848638684,False,False
11.406182893567392,12.102934542085423,-0.3283736145027371,-0.29171997347736095,-0.6671523718913691,-0.44203501241581306,0.022199936003086312,False,False
11.43413922418888,12.12875959221666,-0.320390733060944,-0.31526652455540183,-0.6480152233696557,-0.4479181245860284,0.021076395719045043,False,False
11.46209555481037,12.154578335786727,-0.3124918058953914,-0.29926749375257017,-0.6292341459817844,-0.4350508250207951,0.020049000560021096,False,False
11.490051885431859,12.180390864878422,-0.3046373554129491,-0.2968609610630398,-0.6108457945832508,-0.42930448157947243,0.018959946730294802,False,False
11.518008216053346,12.206197271761198,-0.29678704967875735,-0.2739247524681693,-0.5928828615647865,-0.416524373467787,0.018507267764289764,False,False
11.545964546674835,12.231997648886791,-0.28889989014169404,-0.27855685918581397,-0.5753739755789326,-0.41387265576855115,0.01757344115914189,False,False
11.573920877296324,12.257792088884868,-0.2809344016621257,-0.2558088926019765,-0.5583436188638391,-0.40188839915329955,0.017167255679716886,False,False
11.601877207917813,12.283580684558626,-0.27284882415394573,-0.26687218416324715,-0.5418120634781077,-0.402311284873347,0.01632259402045405,False,False
11.629833538539302,12.30936352888047,-0.26460130514943425,-0.25706447670390487,-0.525795326680996,-0.3942253696589484,0.015495093800532822,False,False
11.65778986916079,12.335140714987597,-0.2561500925945212,-0.22717995911742023,-0.51030514561178,-0.38206304283666964,0.015504011492951414,False,False
11.68574619978228,12.360912336177647,-0.24745372718323827,-0.27717617299320585,-0.4953489713409821,-0.3915913268224088,0.013419874506837681,False,False
11.713702530403769,12.38667848590433,-0.23847123354379587,-0.21491915581222948,-0.4809299822847883,-0.3684563896516499,0.014061565436084611,False,False
11.741658861025256,12.412439257773036,-0.2291623095946142,-0.232156663958707,-0.4670471168926627,-0.36872328795284204,0.013049287203958426,False,False
11.769615191646745,12.438194745536483,-0.2194875133967842,-0.2162064095158923,-0.4536951254372441,-0.35959818747991595,0.012543394011011538,False,False
11.797571522268234,12.463945043090323,-0.2094084468398733,-0.1903433089478184,-0.44086464065544595,-0.3469784654105006,0.012384637882771193,False,False
11.825527852889723,12.489690244468772,-0.19888793551051756,-0.1952349446348224,-0.428542266910532,-0.34650679059254036,0.011876698448287176,False,False
11.853484183511211,12.515430443840241,-0.18789020410802132,-0.12216073541080033,-0.41671068746724305,-0.3245768448433255,0.01283902112667512,False,False
11.8814405141327,12.541165735502968,-0.17638104678795327,-0.13020490573604449,-0.4053487893960407,-0.3212343861697011,0.012338517957752315,False,False
11.90939684475419,12.566896213880625,-0.1643279918335622,-0.15100675689977403,-0.3944318055485524,-0.32061047271587895,0.011415932053493227,False,False
11.937353175375677,12.592621973517959,-0.15170046007559818,-0.1560564092039658,-0.383931472974669,-0.31411466263607596,0.010766592011264703,False,False
11.965309505997165,12.618343109076429,-0.13846991650375406,-0.13786117931658587,-0.373816207082753,-0.30690807508977697,0.010939275233445567,False,False
11.993265836618654,12.644059715329815,-0.12461001453742446,-0.0980808945501079,-0.36405129077833964,-0.29146611537780337,0.011883296927288095,False,False
12.021222167240143,12.669771887159875,-0.11009673244953792,-0.0943315083180906,-0.3545990777538025,-0.28327629727262793,0.011935450174882317,False,False
12.049178497861632,12.695479719551951,-0.09490850146506251,-0.08832170611648268,-0.34541920904207113,-0.2761196685847982,0.012098248536085154,False,False
12.077134828483121,12.721183307590634,-0.07902632508496545,-0.0922328305991369,-0.3364688418917319,-0.26995874941059284,0.011972160699917134,False,False
12.10509115910461,12.74688274645538,-0.062433889217205975,-0.07990944464820793,-0.3277028899690515,-0.2603004682233192,0.012601478206547223,False,False
12.1330474897261,12.77257813141616,-0.045117662728233095,-0.09112918915501728,-0.31907427384484355,-0.25883380795659483,0.012073808624980004,False,False
12.161003820347586,12.798269557829098,-0.027066988061764396,-0.004108125317285077,-0.3105341806807778,-0.22343682119712158,0.01754569745465337,False,False
12.188960150969075,12.82395712113213,-0.008274161605859295,-0.05875335783799864,-0.3020323319909517,-0.2331657912401337,0.014446168065526524,False,False
12.216916481590564,12.849640916840633,0.01126549647533715,-0.037363352574746454,-0.29351725832049663,-0.22138208833953904,0.01614837630792708,False,False
12.244872812212053,12.875321040543092,0.03155358319276168,0.05590249815308866,-0.28493657965368496,-0.17634382791392483,0.02490534087698254,False,False
12.272829142833542,12.900997587896745,0.05258856467709388,0.046868048265880126,-0.27623729033971123,-0.16385905421782354,0.02555733955715643,False,False
12.300785473455031,12.926670654623253,0.07436573929007866,0.035314392335281074,-0.2673660473050783,-0.15256737403075185,0.026666334994547902,False,False
12.32874180407652,12.952340336504353,0.09687721203758416,0.10229892153890026,-0.25826946030735487,-0.11454771968276237,0.03537520965812048,False,False
12.356698134698007,12.978006729377528,0.120111880381171,0.14594615989957901,-0.2488943829761574,-0.06172532525654861,0.043691107622608735,False,False
12.384654465319496,13.003669929131675,0.14405543150625888,0.16364607063716297,-0.2391882033834588,-0.02868248722181456,0.047596944454012344,False,False
12.412610795940985,13.02933003170278,0.1686903510662677,0.1934154719458457,-0.22909913288690975,0.015078171556065001,0.05297066301662326,False,False
12.440567126562474,13.054987133069602,0.193995943383346,0.1887102242205293,-0.2185764919965385,0.01098741489905608,0.05290392427294478,False,False
12.468523457183963,13.080641329249342,0.21994836304768048,0.13872475707446946,-0.20757099202724552,0.009607126807944927,0.04497403317843987,False,False
12.496479787805452,13.106292716293344,0.24652065781905047,0.23132742516816535,-0.19603501131657963,0.07177267305492405,0.0622131158860208,False,False
12.52443611842694,13.13194139028278,0.2736828226962669,0.32305195654012986,-0.18392286480953235,0.18524056914659065,0.06666639935218849,False,False
12.552392449048428,13.157587447324344,0.30140186498268373,0.31761278324171305,-0.171191065839275,0.19955452972739243,0.06154621613308814,False,False
12.580348779669917,13.183230983545963,0.32964188013910095,0.33669194847340156,-0.15779857896488642,0.22820260245985455,0.06005042237823488,False,False
12.608305110291406,13.208872095092481,0.358364138179225,0.3177447548755744,-0.14370706276396183,0.2309877946153515,0.05113279739019019,False,False
12.636261440912895,13.2345108781214,0.38752718032768285,0.3745764341440794,-0.12888110151941382,0.293244527897708,0.052255652153306215,False,False
12.664217771534384,13.26014742879856,0.41708692562609356,0.39148433075941846,-0.11328842478570658,0.3200569655027955,0.04825191456456174,False,False
12.692174102155873,13.285781843293886,0.44699678713974794,0.4107403703585072,-0.09690011386984057,0.34489908597290114,0.04635071789045778,False,False
12.720130432777362,13.3114142177771,0.4772077973851145,0.4807359485068183,-0.07969079431656129,0.4181414275095362,0.04672047320062328,False,False
12.74808676339885,13.337044648413443,0.5076687425678654,0.49540628214914006,-0.06163881354524031,0.4401521924670937,0.042652874783347505,False,False
12.776043094020338,13.36267323135941,0.5383263051916335,0.5353263839990778,-0.04272640284738169,0.4841785153240365,0.041085836398129155,False,False
12.803999424641827,13.38830006275851,0.5691252145698332,0.5607118373574413,-0.022939823018540972,0.51249980220279,0.039475440045041416,False,False
12.831955755263316,13.413925238736962,0.600008404746492,0.5660326122885313,-0.002269492966366693,0.5230851043131111,0.03609819602358466,False,False
12.859912085884805,13.439548855399465,0.6309171793075221,0.6492267292636008,0.019289899292934287,0.6046018719666031,0.03804544209315397,False,False
12.887868416506294,13.46517100882495,0.6617913825406867,0.6577500649725301,0.04173930376423951,0.6179624490079579,0.03460977600772919,False,False
12.915824747127783,13.490791795062309,0.6925695763814749,0.7310338152067253,0.06507523416851702,0.689184993177014,0.03602977187681644,False,False
12.943781077749271,13.516411310126156,0.7231892225627624,0.7218833879656671,0.08928971256530249,0.6852542952114267,0.032292519606279824,False,False
12.971737408370759,13.542029649992578,0.7535868693687666,0.8090362925369106,0.11437023318606104,0.7674736347377187,0.0351306755694637,False,False
12.999693738992248,13.567646910594897,0.783698342378311,0.7649066502193641,0.14029974568194947,0.7260797238502554,0.03284600036716273,False,False
13.027650069613737,13.593263187819398,0.8134589385690683,0.7740657839467286,0.16705665790868068,0.7428394129747857,0.027485174720827066,False,False
13.055606400235225,13.618878577501102,0.8428036231431023,0.8354078319063413,0.19461485828990605,0.8010440427819255,0.029105948173887897,False,False
13.083562730856714,13.644493175419509,0.8716672284246588,0.8574495383878526,0.22294375771892927,0.8226597169543441,0.028854125427043353,False,False
13.111519061478203,13.670107077294345,0.8999846541740438,0.8620964476976126,0.25200835087717605,0.831822304132793,0.02558806593588453,False,False
13.139475392099692,13.695720378781294,0.9276910686563004,0.9173049601699302,0.2817692967668645,0.8814520415417336,0.028059693138273722,False,False
13.167431722721181,13.721333175467743,0.9547221098004619,0.965362192339471,0.31218301817516975,0.9271805287765889,0.028366340385930777,False,False
13.195388053342668,13.746945562868499,0.9810140857842583,0.9680554111320376,0.343201819708127,0.931422088508086,0.027064128394645448,False,False
13.223344383964157,13.772557636421512,1.0065041743804388,0.9926630730184872,0.37477402395496473,0.9550453482940668,0.026552458685433156,False,False
13.251300714585646,13.798169491483563,1.0311306204041293,1.0678741747281735,0.40684412526770325,1.0205522489769208,0.02897390642379949,False,False
13.279257045207135,13.823781223325964,1.0548329306061364,1.067434817653408,0.43935296056723094,1.0229726777460013,0.02728296849730122,False,False
13.307213375828624,13.84939292713022,1.0775520653643693,1.110677393075462,0.4722378965156784,1.058842064686932,0.028608576825302046,False,False
13.335169706450113,13.875004697983657,1.0992306265350709,1.093944159831782,0.5054330323263293,1.0472748743326594,0.02666181209159746,False,False
13.363126037071602,13.90061663087507,1.119813040836884,1.1158963696519957,0.5388694174166686,1.0690110789125518,0.025253441653493414,False,False
13.39108236769309,13.926228820690278,1.1392457381539725,1.1379446378450966,0.5724752830477587,1.0866593639842754,0.02582520826318302,False,False
13.419038698314578,13.951841362207691,1.1574773241597118,1.1189612852769746,0.6061762870342644,1.0751489392101046,0.02318855908459516,False,False
13.446995028936067,13.977454350093815,1.174458746679345,1.1550706256719026,0.6398957705542845,1.1063346320966763,0.022821738909020284,False,False
13.474951359557556,14.003067878898706,1.1901434552288448,1.1769754720658676,0.673555026037058,1.1238319083189197,0.022748576010476973,False,False
13.502907690179045,14.028682043051381,1.2044875531878567,1.228435208564483,0.7070735750595677,1.160872210837597,0.02309234229823287,False,False
13.530864020800534,14.054296936855145,1.217449942086853,1.23050199629477,0.7403694551405691,1.1645732252745276,0.022135297647462582,False,False
13.558820351422023,14.079912654482868,1.2289924575128301,1.2583492056401642,0.7733595142825236,1.1828118156831962,0.02174580599318543,False,False
13.586776682043512,14.105529289972168,1.2390799961636512,1.2399113835719884,0.8059597120786306,1.1731089887082278,0.02098548394704547,False,False
13.614733012664999,14.131146937220478,1.2476806336087636,1.2429627365835307,0.8380854261737612,1.1797347693720863,0.018842759306370804,False,False
13.642689343286488,14.156765689980055,1.2547657323434618,1.296209093621503,0.8696517628446336,1.210152247713828,0.017947444087641373,False,False
13.670645673907977,14.182385641852807,1.2603100397549913,1.2687399068567076,0.9005738704461724,1.1983551218045476,0.017557894679379182,False,False
13.698602004529466,14.208006886285007,1.264291775651932,1.2987707656236223,0.9307672544578732,1.2144991775441247,0.01654624917584402,False,False
13.726558335150955,14.233629516561873,1.2666927090432447,1.252322815282755,0.9601480928559044,1.1926792076516697,0.015869215293644046,False,False
13.754514665772444,14.25925362580191,1.2674982238902963,1.2590820331013683,0.9886335505339617,1.1989055449045156,0.014990059180446824,False,False
13.782470996393933,14.284879306951094,1.2666973735941676,1.212431896095449,1.0161420914984103,1.1761409072966278,0.01163122178487852,False,False
13.81042732701542,14.310506652776809,1.2642829240215232,1.2950737423437721,1.0425937875709623,1.223451499762351,0.012463831202493392,False,False
13.838383657636909,14.336135755861527,1.2602513849153933,1.2185698890712087,1.0679106223451476,1.185816763703621,0.009680473284080393,False,False
13.866339988258398,14.361766708596184,1.254603029582347,1.3257132565991354,1.092016789160905,1.2401793299974115,0.009685685761070095,False,False
13.894296318879887,14.387399603173224,1.2473419027946342,1.2411026279252946,1.114838981884938,1.2023942687537417,0.009280793330778692,False,False
13.922252649501376,14.41303453157928,1.2384758168948604,1.210477115556702,1.136306677312595,1.1901271752492613,0.0058231827602307495,False,False
13.950208980122865,14.438671585587421,1.2280163361414158,1.2307862467333293,1.1563524080402157,1.2066877777283294,0.005734819265091895,False,False
13.978165310744354,14.46431085674892,1.2159787493849576,1.2151250815579464,1.1749120246946736,1.2014416775899064,0.003467383976902716,False,False
14.00612164136584,14.489952436384483,1.2023820312193043,1.2106747011554886,1.1919249464493176,1.2036637290611996,0.0017250130846340195,False,False
14.03407797198733,14.515596415574885,1.1872487918037054,1.1877137255375187,1.2073343988023455,1.195192977141408,0.0019910670209429826,False,False
14.062034302608819,14.5412428851509,1.1706052156069253,1.1901382553543325,1.221087637644702,1.2036788242041694,0.0031589264919942295,False,False
14.089990633230308,14.566891935682476,1.1524809893761203,1.1685791245132184,1.2331361586997236,1.2005270352091553,0.007346559184310708,False,False
14.117946963851796,14.592543657467042,1.1329092196842745,1.0875372710449158,1.2434358914755774,1.151570428780441,0.021680473488628116,False,False
14.145903294473285,14.618198140516839,1.1119263404578288,1.1498918770020132,1.2519473769339866,1.2104565541316188,0.010880750091490143,False,False
14.173859625094774,14.643855474545154,1.089572010929909,1.093460973705014,1.2586359281444317,1.2034062368448035,0.01863153853307775,False,False
14.201815955716263,14.669515748951314,1.0658890045030394,1.0654238013443285,1.2634717732617453,1.218459378395417,0.017252994819751177,False,False
14.22977228633775,14.695179052804297,1.0409230890367596,1.0178663626078341,1.2664301802364628,1.236303526849952,0.013205801278645679,False,False
14.25772861695924,14.720845474824792,1.0147228990990314,1.0416854160886573,1.2674915627412142,1.2674169345768733,3.5914345888787835e-05,False,False
14.285684947580728,14.746515103365468,0.9873398007339594,0.9560275286407736,1.266641566872455,1.2222214371741846,0.020659171353809902,False,False
14.313641278202217,14.772188026389312,0.9588277493008858,0.9806356691557339,1.2638711382647014,1.1591322101001986,0.038188138341518574,False,False
14.341597608823706,14.797864331445716,0.9292431409302118,0.9436995988052809,1.2591765693338035,1.0725154944064137,0.05430926307093886,False,False
14.369553939445195,14.823544105644073,0.898644658117984,0.9172581971770422,1.2525595264463238,1.0085197593225739,0.0518496224719161,False,False
14.397510270066684,14.849227435624572,0.8670931099439533,0.8960148123580236,1.2440270568934673,0.9637390485618649,0.04514657326309224,False,False
14.425466600688171,14.87491440752584,0.8346512673458797,0.8427419322932467,1.2335915756299138,0.8936062065579833,0.03996530993341463,False,False
14.45342293130966,14.90060510694903,0.8013836938166558,0.8497083309826324,1.2212708318199526,0.8887798246501883,0.03258929307394348,False,False
14.48137926193115,14.926299618917922,0.7673565718110262,0.7751470145803673,1.207087855315244,0.8089751244872418,0.03138515277616344,False,False
14.509335592552638,14.951998027834552,0.7326375250567657,0.7122896285084789,1.1910708832698997,0.7386133053717467,0.02686232715621717,False,False
14.537291923174127,14.977700417429805,0.6972954368637079,0.6990091072801974,1.173253267179155,0.719961106953898,0.022652794593964132,False,False
14.565248253795616,15.003406870708345,0.661400264415619,0.6361771479872188,1.1536733607072818,0.654643558547824,0.021650448034240766,False,False
14.593204584417105,15.029117469887193,0.6250228489191972,0.5863592222200902,1.132374388748304,0.6008198445925564,0.01880016305632648,False,False
14.621160915038594,15.054832296327161,0.588234721376021,0.5799722119325906,1.1094042982391157,0.5941662574928175,0.018448414868377616,False,False
14.649117245660081,15.080551430456246,0.5511079036430594,0.584086349085893,1.0848155913185875,0.593630586732834,0.014631141788496616,False,False
14.67707357628157,15.106274951684043,0.5137147043620092,0.5065755419202216,1.0586651414977146,0.5142029147801612,0.01458586806594564,False,False
14.705029906903059,15.132002938305956,0.47612750927474606,0.5068840746194903,1.0310139935746965,0.5127173572010907,0.01331462005155043,False,False
14.732986237524548,15.157735467396094,0.43841856540882285,0.45732788109455724,1.0019271480945242,0.4640743615772789,0.013542261705903613,False,False
14.760942568146037,15.183472614687329,0.4006597586221579,0.37246445841730713,0.9714733312152111,0.37822645372998,0.0146437164937476,False,False
14.788898898767526,15.209214454436996,0.3629223840469526,0.3358319953726589,0.9397247509017039,0.3417052687493613,0.01435525619259484,False,False
14.816855229389015,15.234961059276449,0.3252769090776751,0.3434001212618743,0.9067568404236681,0.3472916435521234,0.012958435331100138,False,False
14.844811560010502,15.260712500042453,0.28779272871299316,0.29957246327353343,0.8726479901845311,0.30422795549025416,0.013083505381924876,False,False
14.872767890631991,15.28646884558824,0.2505379132925399,0.20037302381404845,0.8374792689560268,0.20659724777179828,0.014616159319360514,False,False
14.90072422125348,15.312230162571614,0.21357894897008944,0.257288049237915,0.8013341356350699,0.25939572635139413,0.01185744926012626,False,False
14.928680551874969,15.337996515217373,0.1769804716360482,0.1372361239374868,0.7642981426776825,0.1456591343307916,0.015018511225716291,False,False
14.956636882496458,15.363767965050839,0.14080499544356076,0.09726527916816752,0.7264586323978606,0.1068151325349895,0.015607310443167766,False,False
14.984593213117947,15.389544570598899,0.10511263759886563,0.17223384010893794,0.6879044273476164,0.17617882742621985,0.01103637045760035,False,False
15.012549543739436,15.415326387054618,0.06996084163972222,0.08616488819492726,0.6487255160177023,0.09244120762799397,0.012419319808866583,False,False
15.040505874360923,15.441113465900884,0.03540410203404551,0.009615947961994803,0.609012735116759,0.01796306791794533,0.013728755714794372,False,False
15.068462204982412,15.466905854488052,0.0014936935677526153,0.036446619371158645,0.5688574496996472,0.041488679836560405,0.011554700019261385,False,False
15.0964185356039,15.49270359555991,-0.03172259036388157,-0.061308339735535594,0.5283512324236334,-0.051382736795581974,0.014125692639064366,False,False
15.12437486622539,15.51850672672161,-0.06420068581786677,-0.024986660125085478,0.48758554321355185,-0.01828886244628883,0.011449568422622458,False,False
15.152331196846879,15.544315279842428,-0.0959004873894409,-0.12115462089393217,0.446651410614501,-0.10810728509372461,0.01478444567250689,False,False
15.180287527468368,15.570129280385284,-0.12678605248383243,-0.12867945897434485,0.40563911610266123,-0.11638604460883795,0.013862525438989082,False,False
15.208243858089856,15.595948746654058,-0.15682577453461138,-0.16984480973340424,0.36463788261164454,-0.155504369101571,0.014535554434755918,False,False
15.236200188711345,15.621773688948542,-0.18599251867259933,-0.19814112619758936,0.3237355685135356,-0.18130423603891171,0.015415588038903652,False,False
15.264156519332833,15.647604108615727,-0.214263713271776,-0.1837538144465362,0.28301836827036553,-0.16742475094528736,0.014399969484719222,False,False
15.292112849954322,15.673439996984596,-0.2416213909340959,-0.15962610883050368,0.24257052094337342,-0.14952630992753346,0.010580403186526782,False,False
15.32006918057581,15.699281334170195,-0.26805217285483474,-0.27295239420184797,0.20247402771423442,-0.2520720973652951,0.015483740274576205,False,False
15.3480255111973,15.725128087730848,-0.2935471911599577,-0.2228472561208562,0.16280837953434524,-0.20864399586786833,0.011951983328021831,False,False
15.375981841818788,15.75098021116057,-0.3181019447473267,-0.298502758892632,0.12365029597582677,-0.2761381208691839,0.015261274939101788,False,False
15.403938172440277,15.77683764219639,-0.34171608540533543,-0.3447234667287852,0.08507347631089268,-0.3179197430538132,0.01635032430337513,False,False
15.431894503061766,15.802700300917945,-0.3643931325275733,-0.3804802545851867,0.04714836379510165,-0.34926081807014786,0.017316399851761616,False,False
15.459850833683253,15.828568087613881,-0.3861401165797438,-0.38966867127915117,0.00994192407490141,-0.3579841046759189,0.017098025271760103,False,False
15.487807164304742,15.854440880386573,-0.4069671535819644,-0.39875241071073747,-0.02648256141908112,-0.36781310603776957,0.016168233880089894,False,False
15.515763494926231,15.880318532463097,-0.4268869552081907,-0.43192364233466185,-0.06206568629388859,-0.39585543342752516,0.0169364478730068,False,False
15.54371982554772,15.906200869176713,-0.4459142816227617,-0.4455783302400621,-0.0967520934978498,-0.4083349090781222,0.016594326269706167,False,False
15.57167615616921,15.93208768457861,-0.4640653468047952,-0.48434375628857274,-0.13049063244121922,-0.4385221929044252,0.017847578388982877,False,False
15.599632486790698,15.957978737634928,-0.4813571887736965,-0.46754616434486257,-0.1632344983404647,-0.42848238099526814,0.016047920734602705,False,False
15.627588817412187,15.983873747958707,-0.4978070197293079,-0.494817830671815,-0.19494135326661338,-0.45098727989955795,0.015999259557286177,False,False
15.655545148033676,16.009772391020324,-0.5134315735534183,-0.5210981082395463,-0.22557342845393832,-0.4698922509783109,0.016598358364152493,False,False
15.683501478655163,16.035674292773336,-0.5282464702726352,-0.5735755691627952,-0.2550976075029385,-0.5043412358199058,0.017664928935789248,False,False
15.711457809276652,16.061579023625164,-0.5422656188379403,-0.5176466443509595,-0.28348549019070807,-0.4720889742631437,0.014738433163298315,False,False
15.739414139898141,16.0874860916738,-0.5555006808151884,-0.5367792313924495,-0.31071343668204293,-0.4896213615409078,0.013773908131781837,False,False
15.76737047051963,16.11339493512238,-0.5679606181882902,-0.5549430081767237,-0.3367625920157697,-0.5023135096672722,0.013801430185300306,False,False
15.795326801141119,16.139304913773483,-0.5796513483474074,-0.6081605461396624,-0.3616188908222915,-0.5336635519616204,0.014614721313007617,False,False
15.823283131762608,16.16521529949344,-0.5905755283759683,-0.5475539622703872,-0.3852730423100764,-0.5049795511354356,0.011242925093082085,False,False
15.851239462384097,16.191125265524672,-0.6007324888916159,-0.6128438440937736,-0.40772049564030216,-0.5419007668330411,0.012677851568270115,False,False
15.879195793005584,16.21703387451018,-0.6101183348900506,-0.6229396216388409,-0.4289613858898312,-0.5511076853190482,0.011650441302768877,False,False
15.907152123627073,16.24294006507931,-0.6187262272712368,-0.6393590168629842,-0.44900046088278756,-0.5602322277229155,0.011270173977219244,False,False
15.935108454248562,16.268842636827188,-0.6265468540126556,-0.6182299864083087,-0.4678469892498715,-0.5555693104828968,0.009656836979395789,False,False
15.96306478487005,16.29474023350237,-0.6335690943512543,-0.6797332644100346,-0.4855146501519403,-0.5810397615105696,0.00962213287891106,False,False
15.99102111549154,16.320631324197375,-0.6397808729419553,-0.6544387515219898,-0.5020214051798574,-0.5754433730102619,0.008804226137276328,False,False
16.018977446113027,16.346514182315833,-0.6451701939163655,-0.6569771786493569,-0.5173893530159835,-0.5810589076708235,0.007619097857956392,False,False
16.046933776734516,16.372386862066886,-0.6497263372525492,-0.6801593631804521,-0.5316445675135627,-0.5898607837458636,0.007397150471040781,False,False
16.074890107356005,16.398247172213498,-0.6534411921080212,-0.6270698486304535,-0.5448169199183827,-0.5792920743481718,0.0050201673118074885,False,False
16.102846437977494,16.4240926467755,-0.6563106940222534,-0.6883095236697033,-0.556939886022185,-0.5995815901305561,0.005635378529249835,False,False
16.130802768598983,16.449920512361537,-0.6583363254521976,-0.664670432219198,-0.5680503390991056,-0.5973412467624242,0.0045503075129653126,False,False
16.15875909922047,16.475727651776747,-0.6595266322784956,-0.6508476132141056,-0.5781883295346086,-0.5992096820111773,0.0033618571458829405,False,False
16.18671542984196,16.50151056352511,-0.659898703040008,-0.6721295864306536,-0.5873968521108547,-0.6069532165339218,0.0032688540760015816,False,False
16.21467176046345,16.5272653167986,-0.6594795530528959,-0.6129206196486605,-0.5957216019628107,-0.5998398409726837,0.0008089657128822481,False,False
16.24262809108494,16.5529875015198,-0.6583073525726788,-0.6541611798805455,-0.6032107202655884,-0.6126428240752788,0.0017061840614462365,False,False
16.270584421706427,16.578672172981953,-0.6564324370672054,-0.6154045166275359,-0.6099145307552447,-0.6108773207728904,0.0001952363838547133,False,False
16.298540752327916,16.604313790613308,-0.653918038753396,-0.664973399991411,-0.615885268222408,-0.6219409104060205,0.0011543146166821394,False,False
16.326497082949405,16.62990615038177,-0.6508406820295183,-0.6467466645556335,-0.6211768001505379,-0.6238107611329157,0.0005470181333937507,False,False
16.354453413570894,16.655442310356083,-0.6472901914608603,-0.7122200861774007,-0.625844342698078,-0.6321830004256372,0.0011235927494173126,False,False
16.382409744192383,16.680914508953567,-0.6433692696243897,-0.6542053792981339,-0.629944172246346,-0.6313408653041052,0.0003195011684931637,False,False
16.41036607481387,16.706314075437586,-0.6391926133689039,-0.5904479244667872,-0.6335333337524091,-0.6324111999340414,0.00035419171995176857,False,False
16.438322405435358,16.73163133228589,-0.6348855507777235,0.2513850711203795,-0.6366693471584818,-0.6195323567486211,0.0033603308919533115,True,False
16.466278736056847,16.75685548914146,-0.6305821970921266,-1.1134077366468964,-0.639409913116429,-0.6466074062964362,0.0005205969237095931,True,False
16.494235066678335,16.781974528189814,-0.6264231457029832,0.2416696445137388,-0.6418126192878499,-0.6314307972832631,0.0017219873672179586,True,False
16.522191397299824,16.806975080991073,-0.6225527295548503,-1.4763005254033439,-0.6439346484767134,-0.6478629370290195,0.0003745548519667463,True,False
16.550147727921313,16.83184229704566,-0.6191159083110864,-0.23056071702773145,-0.6458324898429606,-0.6438586461835027,0.000400671151821852,True,False
16.578104058542802,16.856559704703137,-0.6162548566558728,-0.13519621864446374,-0.6475616544316061,-0.6438139651285195,0.0005667723254038082,True,False
16.60606038916429,16.881109065453227,-0.6141053482996294,0.11769313075140782,-0.6491763962329227,-0.6466780046472544,0.0003705826538660806,True,False
16.63401671978578,16.90547022318525,-0.6127930476513932,-0.9575253306818131,-0.6507294399652506,-0.651615390561116,0.00019600975980443858,True,False
16.66197305040727,16.929620950689273,-0.6124298356971841,-1.6683293509720718,-0.6522717167430367,-0.6549403823392801,0.00036321851291309937,True,False
16.689929381028758,16.953536796521217,-0.6131103073147567,-0.2635396490602326,-0.653852108758832,-0.6522531808599841,0.0002815963569953728,True,False
16.717885711650247,16.977190936388247,-0.6149085830134738,-0.7199998105969136,-0.6555172040695306,-0.6562274373257277,0.00018332550712807372,True,False
16.745842042271736,17.00055403444965,-0.6178755779393371,-0.5374057283936241,-0.6573110625340601,-0.6561758360744374,0.0002748573081477468,True,False
16.773798372893225,17.023594121387763,-0.6220368641042651,-1.2498249940687165,-0.6592749939023494,-0.6664474617099181,0.001072843284905034,True,False
16.801754703514714,17.046276497789247,-0.6273912475957145,-0.22506400322563339,-0.6614473490038468,-0.6570312678159792,0.0005102551015253032,True,False
16.8297110341362,17.068563673280053,-0.6339101607385258,-0.8774309726317367,-0.6638633249283606,-0.6697873353233392,0.0015156241878990784,True,False
16.85766736475769,17.090415353947265,-0.6415379399865776,-0.4346580127854289,-0.6665547850328112,-0.661820387082292,0.0008078053664382079,True,False
16.885623695379177,17.111788492794325,-0.6501930244119845,-1.2160006708272766,-0.669550094544758,-0.6925165508694512,0.004129001175236069,True,False
16.913580026000666,17.132637420209917,-0.6597700683291168,-0.609367462175336,-0.6728739724677395,-0.670741815763371,0.0005491466804388723,True,True
16.941536356622155,17.152914073525345,-0.6701429167748592,-0.710538316563143,-0.6765473604246084,-0.6787713573795047,0.0005388502194109135,True,True
16.969492687243644,17.172568346468225,-0.6811683468301625,-0.7234412971582882,-0.6805873090035928,-0.6826252943877106,0.000616467379107033,True,True
16.997449017865133,17.191548580391114,-0.6926904342179937,-0.031002537485282717,-0.6850068820979964,-0.670311981320759,0.0013864488263315433,True,True
17.025405348486622,17.2098022191832,-0.7045453667229877,-0.032255428075972085,-0.6898150796545959,-0.6746811986873525,0.0015990757288323887,True,True
17.05336167910811,17.22727664830428,-0.7165664973103583,-1.0570843634122176,-0.6950167791681797,-0.7349891903560033,0.009007880743040653,True,True
17.0813180097296,17.24392023489795,-0.7285894136521103,-0.3397452198539068,-0.7006126961806989,-0.6838164689474893,0.0023374305416524743,True,True
17.10927434035109,17.259683579909826,-0.7404567996390853,-0.17674970635115034,-0.7065993639633932,-0.6736661710078438,0.0023182629754492368,True,True
17.137230670972578,17.27452098406455,-0.752022879696384,-0.1868896315342231,-0.71296913247944,-0.6855405575343534,0.0028094136225849664,True,True
17.165187001594067,17.28839211708694,-0.7631572680091548,0.509022349997342,-0.71971018664342,-0.6710062077215985,0.0012424514303236434,True,True
17.193143332215556,17.301263863591167,-0.7737480898380066,-0.23119470219714322,-0.7268065838125672,-0.6916209106328721,0.0033353795534519226,True,True
17.22109966283704,17.313112299909402,-0.7837042966745742,-0.08727612471049404,-0.7342383103637241,-0.6765636672411947,0.002440450506199787,True,True
17.24905599345853,17.32392473463473,-0.7929571550193097,-0.2208824890550512,-0.7419813571294427,-0.6960871930199095,0.004071702377826669,True,True
17.27701232408002,17.333701723316036,-0.8014609429046137,0.36071382266307206,-0.7500078133871375,-0.7037062733112243,0.004690875731026556,True,True
17.304968654701508,17.342458946770485,-0.8091929316992381,-1.1573145237906117,-0.7582859790169387,-0.7933727440638167,0.007123110586100323,True,True
17.332924985322997,17.350228825703766,-0.8161527571900524,-1.2962182455753555,-0.7667804943671936,-0.8478646617930035,0.009319039421927022,True,True
17.360881315944486,17.357061734975243,-0.8223612900076192,-0.7819043254361947,-0.7754524872917657,-0.776911738897881,0.00034301666831959565,True,True
17.388837646565975,17.363026682119997,-0.8278591014202157,-0.9550832740772494,-0.7842597367507489,-0.819405053000993,0.007680589407399241,True,True
17.416793977187464,17.368211329260095,-0.8327045908766757,-0.333624700824478,-0.7931568522961149,-0.7312224418244182,0.007337765204755764,True,True
17.444750307808953,17.372721266681275,-0.8369718047484295,-1.5198023319963105,-0.802095468696592,-0.8689603912158401,0.006283517066496269,True,True
17.47270663843044,17.37667848965564,-0.8407479421128065,-1.05444735215186,-0.8110244548918946,-0.8545589609134683,0.007798723416932274,True,True
17.50066296905193,17.38021908486384,-0.8441305235925839,-1.0718333979950252,-0.8198901364056113,-0.8664526131336843,0.0067896058122181024,True,True
17.52861929967342,17.383490194079908,-0.8472242007242631,-1.3943136165392087,-0.8286365302888633,-0.8946044772362652,0.0028634551305234957,True,True
17.55657563029491,17.386646383921203,-0.8501372082884314,-0.9375332578434467,-0.837205591613441,-0.8619402114934621,0.004461104089903023,True,True
17.584531960916397,17.38984560388557,-0.8529775064599259,-1.446395518022049,-0.845537470483878,-0.8956294171468946,0.0026671223439821423,True,True
17.612488291537886,17.393244953457856,-0.8558487141232539,-0.6279272515296649,-0.8535707784928366,-0.8130784314240813,0.009143955825397232,True,True
17.64044462215937,17.396996497350397,-0.8588459871099521,-0.98997578382932,-0.8612428635036218,-0.8828197056428658,0.003776255695724595,True,True
17.66840095278086,17.40124336331001,-0.8620520340541331,-0.5324583772456475,-0.8684900916077003,-0.8056615306860582,0.01140307149673947,True,True
17.69635728340235,17.406116330048476,-0.8655334804600991,-0.7644028530770417,-0.875248135073865,-0.8559503302133641,0.004993484186526398,True,True
17.72431361402384,17.411731067582448,-0.869337786275098,-0.7529147764420533,-0.8814522650795016,-0.8596045260582905,0.005575568107172635,True,True
17.752269944645327,17.418186134854874,-0.8734908966556304,-0.8930475224301654,-0.8870376479930635,-0.8877213173036045,0.00015345699596569506,False,True
17.780226275266816,17.425561777418675,-0.8779957657440475,-0.8506824259618048,-0.891939643960759,-0.887592195150703,0.0010389372561531718,False,True
17.808182605888305,17.433919508544033,-0.882831845821016,-0.8703690847068678,-0.896094106539447,-0.8941999656648124,0.0004397859311524588,False,True
17.836138936509794,17.443302406448865,-0.8879555844925553,-0.8498539004296612,-0.8994376821119778,-0.8969639391442108,0.0006210599921969706,False,True
17.864095267131283,17.45373602251239,-0.8933019236812354,-0.8848338997985454,-0.9019081078206975,-0.901546779016145,8.557778508627711e-05,False,True
17.892051597752772,17.465229772089973,-0.898786747237539,-0.8740685762900112,-0.9034445067595203,-0.9032594112842549,4.5606072580139934e-05,False,True
17.92000792837426,17.477778670568753,-0.904310179167717,-0.8804273378870369,-0.9039876791749876,-0.9039875807351748,2.4053715630412142e-08,False,True
17.94796425899575,17.491365280636465,-0.9097605922124737,-0.8838734328298754,-0.903480388441805,-0.9033595678126557,2.895580785827745e-05,False,True
17.97592058961724,17.50596174945128,-0.915019148198749,-0.87681449761218,-0.9018676405986497,-0.9011889246327864,0.000165464419381256,False,True
18.003876920238728,17.521531833225005,-0.9199646596964555,-0.8769548351445082,-0.8990969562553349,-0.8977479942906093,0.00032406323197697873,False,True
18.031833250860217,17.53803282855745,-0.9244785401431443,-0.8842899975219934,-0.8951186337126796,-0.8939793370759934,0.0002540348154548844,False,True
18.059789581481702,17.555417352086632,-0.928449599718507,-0.8708025882218633,-0.8898860021714571,-0.8868001089826973,0.000718788653857716,False,True
18.08774591210319,17.573634930720953,-0.9317784489214423,-0.9226096943664879,-0.8833556639465889,-0.8900704367645927,0.0012517643412461865,False,True
18.11570224272468,17.592633382665113,-0.9343812916412605,-0.9357872539420975,-0.8754877246469517,-0.8885775084359768,0.0020999218990490065,False,True
18.14365857334617,17.61235998402801,-0.936192923489154,-0.9515831098036788,-0.8662460103297392,-0.888239494820515,0.0029425594563970425,False,True
18.171614903967658,17.632762426882966,-0.9371687967220853,-0.9092618228717773,-0.8555982706910411,-0.8746673517608159,0.0029752842064720286,False,True
18.199571234589147,17.653789582455083,-0.937286066587811,-0.8897530108007495,-0.8435163674108963,-0.863570301908247,0.0031575618495454094,False,True
18.227527565210636,17.675392088059915,-0.9365435910952048,-0.9413105473614308,-0.8299764468313484,-0.8742623880169266,0.005812489252391861,False,True
18.255483895832125,17.697522779031413,-0.9349609127683605,-0.9887628700049036,-0.8149590962097826,-0.8835848216653539,0.00606667317523546,False,True
18.283440226453614,17.7201369876879,-0.9325763029905746,-0.9727642010653521,-0.7984494828566651,-0.8768863572327894,0.007291411255571478,False,True
18.311396557075103,17.743192730888904,-0.9294439939469665,-0.8822384501209655,-0.7804374755365985,-0.8426673974892711,0.007270751509135254,False,True
18.33935288769659,17.766650806358946,-0.9256307577260185,-0.8842579523500409,-0.7609177475839757,-0.840627925585661,0.008422681675222365,False,True
18.36730921831808,17.790474816045627,-0.9212120156147994,-0.8985302746213325,-0.7398898612591897,-0.8425636662549383,0.010170808389309893,False,True
18.39526554893957,17.81463113260613,-0.9162676727137455,-0.9514002316079834,-0.7173583329480397,-0.863290518887049,0.010578029652582532,False,True
18.42322187956106,17.839088822875066,-0.910877874185067,-0.8855620702736968,-0.693332678885316,-0.8324421273468113,0.01126367568285458,False,True
18.451178210182547,17.863819539992612,-0.9051188708265979,-0.9007131313818194,-0.6678274411632741,-0.8375061564145121,0.012418368196962903,False,True
18.479134540804033,17.888797393851213,-0.8990591647510768,-0.8346996080589956,-0.6408621938664429,-0.7978787130918902,0.011369714476118231,False,True
18.507090871425522,17.913998807700658,-0.8927560825218273,-0.8582970502975623,-0.6124615292556235,-0.807306007647854,0.014186960661028758,False,False
18.53504720204701,17.93940236715581,-0.886252895021218,-0.8786357024908663,-0.5826550240058075,-0.8169226520701082,0.015479963783818051,False,False
18.5630035326685,17.964988666481602,-0.87957657245286,-0.8883809693305385,-0.5514771855844419,-0.8206766569224446,0.016072873065482052,False,False
18.59095986328999,17.99074015587472,-0.8727362309265425,-0.8082487501601407,-0.5189673789380764,-0.7701296637445318,0.014344777052723523,False,False
18.618916193911478,18.016640992504332,-0.8657222955825581,-0.8539856394369032,-0.4851697337362229,-0.7942633224753919,0.01823788823496647,False,False
18.646872524532967,18.042676897292203,-0.8585063754868509,-0.8603171937244316,-0.450133032501128,-0.7980093982153509,0.018607324998299035,False,False
18.674828855154455,18.06883501878449,-0.8510418186264834,-0.8573833551889731,-0.41391058003071324,-0.7948471631264402,0.019041696174744382,False,False
18.702785185775944,18.09510380496951,-0.8432648920568748,-0.8211419296168022,-0.37656005459883857,-0.7684509675619886,0.0195848477308167,False,False
18.730741516397433,18.121472883508208,-0.8350965131486697,-0.860569039616966,-0.3381433414919884,-0.7908844297978377,0.021642433355713475,False,False
18.758697847018922,18.147932950547172,-0.8264444432697998,-0.8215196196091488,-0.2987263495141849,-0.7653959321302066,0.020917121946434192,False,False
18.78665417764041,18.174475668061923,-0.8172058452208047,-0.7975019534592673,-0.25837881116200795,-0.7472722462723614,0.021109068304774714,False,False
18.8146105082619,18.20109356951573,-0.8072701002353625,-0.778672610969356,-0.21717406723889685,-0.7305354292270273,0.02206335196058029,False,False
18.84256683888339,18.22777997350515,-0.7965217791194624,-0.7950074460280669,-0.17518883674201058,-0.7403048767796039,0.023743355982138503,False,False
18.870523169504878,18.254528904986724,-0.7848436647574407,-0.7646414729732471,-0.13250297291565316,-0.7174550040724781,0.022997222144255036,False,False
18.898479500126363,18.28133502363215,-0.7721197292848088,-0.7497393087067521,-0.08919920642234988,-0.7020882317945172,0.024654687908211903,False,False
18.926435830747852,18.308193558834486,-0.7582379781666361,-0.7679558611813201,-0.04536287663579881,-0.7131081719807395,0.02689047988037263,False,False
18.95439216136934,18.335100250880025,-0.7430930846306611,-0.7476869978483197,-0.0010816521091491227,-0.6967626180303783,0.026944092184350343,False,False
18.98234849199083,18.362051297805202,-0.7265887507699953,-0.7431646659649604,0.04355475868341334,-0.6886339763154395,0.029311618710968546,False,False
19.01030482261232,18.389043307471425,-0.708639745538459,-0.7655620404014732,0.0884549051932715,-0.7042646496327565,0.03078234801510299,False,False
19.038261153233808,18.416073254410488,-0.6891735842232062,-0.7020731257982918,0.13352590005819714,-0.6564140667762532,0.028025813570065616,False,False
19.066217483855297,18.44313844101707,-0.6681318282474326,-0.6905416783850699,0.17867373057256403,-0.6442732302388601,0.029719922373089014,False,False
19.094173814476786,18.470236462691037,-0.6454709978406562,-0.6512852846252115,0.2238035751362232,-0.609940952083118,0.029234788098631892,False,False
19.122130145098275,18.497365176559708,-0.6211631027935838,-0.5742977172125463,0.26882012343054507,-0.5486225210464037,0.024096916611680286,False,False
19.150086475719764,18.524522673437694,-0.595195807844114,-0.5641051556017773,0.3136278990543599,-0.5345070356937021,0.02688878426506769,False,False
19.178042806341253,18.551707252709456,-0.5675722589562061,-0.5337062477504995,0.35813158334205925,-0.505476950115065,0.02743913903149353,False,False
19.205999136962742,18.57891739984571,-0.5383106046739153,-0.5486091550381603,0.4022363390808321,-0.5140116787643221,0.0317185908674133,False,False
19.23395546758423,18.606151766290214,-0.5074432527581992,-0.5408812771503697,0.44584813284399916,-0.5068535890280665,0.03210014283389451,False,False
19.26191179820572,18.633409151476883,-0.47501590642202424,-0.44445550003751794,0.48887405466266387,-0.42394019859446536,0.02528495665987679,False,False
19.28986812882721,18.6606884867596,-0.4410864267165306,-0.4299749422026381,0.5312226337683478,-0.41113438529574076,0.02577053155701431,False,False
19.317824459448694,18.687988821057473,-0.4057235680974458,-0.36525632851338435,0.5728041491550154,-0.35144671655408605,0.02352958621175627,False,False
19.345780790070183,18.71530930803742,-0.3690056330770256,-0.35416490281011176,0.6135309337296795,-0.33784558494592476,0.025525785526402528,False,False
19.373737120691672,18.742649194673316,-0.3310190893447713,-0.316146478097023,0.6533176708465621,-0.3031949405375104,0.024651431313448963,False,False
19.40169345131316,18.770007811037054,-0.29185718905100627,-0.2735954426863191,0.6920816820507545,-0.2613150745576477,0.02450151449402921,False,False
19.42964978193465,18.797384561191247,-0.2516186253409198,-0.2132775554592874,0.7297432048927536,-0.20439903859479797,0.02330836678672528,False,False
19.45760611255614,18.824778915066716,-0.2104062559589075,-0.19224544727757412,0.766225659715611,-0.17823826293107592,0.025397794215827163,False,False
19.485562443177628,18.85219040121982,-0.16832591806778635,-0.17321010981350204,0.8014559043612208,-0.15676234671600497,0.027594019241243675,False,False
19.513518773799117,18.8796186003755,-0.12548535258626486,-0.19311774462650413,0.8353644757913152,-0.17456222370451796,0.029725892594192102,False,False
19.541475104420606,18.907063139671898,-0.0819932505619756,-0.08278549673878229,0.8678858176719711,-0.07287484059367874,0.025445755735468187,False,False
19.569431435042095,18.93452368753093,-0.03795842856350213,-0.09037990028280307,0.8989584930275276,-0.07462789163303973,0.0286956847185997,False,False
19.597387765663584,18.96199994908751,0.006510865042786901,0.03255587982749514,0.9285253811305676,0.04162144105390097,0.024335390283110367,False,False
19.625344096285072,18.989491662116997,0.05130751563305083,0.018838613534448136,0.9565338578587746,0.037903135353708046,0.030433617231965075,False,False
19.65330042690656,19.016998593406942,0.09632598630635517,0.04984117865073699,0.9829359588168133,0.06748951437295123,0.029668625799152894,False,False
19.68125675752805,19.044520535525013,0.14146265013884418,0.15632591494369186,1.00768852459153,0.17662321419882004,0.030575414535227774,False,False
19.709213088149536,19.072057303940074,0.18661602301548644,0.214128079485786,1.0307533275815404,0.22930642512250288,0.02637365753279801,False,False
19.737169418771025,19.099608734458045,0.23168691107269704,0.23741896697974804,1.0520971799173178,0.25601692119127717,0.02833599368151904,False,False
19.765125749392514,19.127174680938232,0.2765784878011601,0.2845846711301141,1.0716920220648398,0.30925841937660054,0.03271981881772135,False,False
19.793082080014003,19.15475501325968,0.3211963162106572,0.2920134249146522,1.0895149917845997,0.3247940499021867,0.03976551598639114,False,False
19.82103841063549,19.182349615510184,0.36544833121508546,0.35945478844937484,1.1055484731976735,0.39970629065492524,0.045170581885868866,False,False
19.84899474125698,19.20995838437373,0.40924479663896124,0.4564063969893314,1.1197801257915692,0.4972443994079849,0.0434042605931117,False,False
19.87695107187847,19.237581227694665,0.45249825006577926,0.4478567352178597,1.132202893280199,0.506082570773402,0.05694856740974863,False,False
19.90490740249996,19.26521806319931,0.495123447239935,0.4942207675119059,1.1428149923142987,0.5724682794016969,0.06891560333330277,False,False
19.932863733121447,19.29286881735778,0.5370373159913228,0.5126390204367252,1.1516198811205638,0.6295961081338026,0.0848213738905641,False,False
19.960820063742936,19.320533424370698,0.5781589277684996,0.5481124772895324,1.1586262082293841,0.7335975542435371,0.10079950228661588,False,False
19.988776394364425,19.348211825267125,0.6184094929265366,0.6733693675042353,1.1638477415319957,0.9198529360649832,0.07851422921738033,False,False
20.016732724985914,19.375903967101518,0.6577123839969349,0.7014358257578823,1.1673032779877517,1.0242302102721759,0.04979663021675529,False,False
20.044689055607403,19.403609802238922,0.6959931893346212,0.6974424766525095,1.1690165343807948,1.1458826271663969,0.009522386922099946,False,False
20.072645386228892,19.431329287718643,0.7331797978452755,0.7073711745083248,1.1690160196022958,1.1581686475896138,0.00491215460839578,False,False
20.10060171685038,19.45906238468793,0.7692025139874572,0.8241617541490863,1.1673348890093238,1.1288109001759943,0.01671584951555083,False,False
20.128558047471866,19.486809057897844,0.8039942009468175,0.8603362662225401,1.1640107814840117,1.0769659197989756,0.02924976447395522,False,False
20.156514378093355,19.514569275254637,0.8374904488132586,0.8599107402661542,1.1590856398867255,1.0360941400322683,0.0373617483754084,False,False
20.184470708714844,19.54234300742045,0.8696297637619875,0.9039266646144042,1.152605515664019,1.0411928132221302,0.03223217909259324,False,False
20.212427039336333,19.570130227458005,0.9003537736444215,0.9482631672248107,1.144620358436181,1.0428022109188464,0.02512219187760889,False,False
20.240383369957822,19.5979309105144,0.9296074450233027,0.9314101799159731,1.135183791449694,1.0180443252213207,0.02712549348479254,False,False
20.26833970057931,19.625745033539737,0.9573393065213431,1.0178301171847073,1.1243528738368158,1.0646930134670685,0.012382452171702196,False,False
20.2962960312008,19.653572575036826,0.9835016733712711,0.9670090407739083,1.11218785067745,1.0151314938044491,0.016995314850064946,False,False
20.32425236182229,19.681413514838447,1.0080508682315834,1.0019787169746086,1.0987518919073591,1.0354575121836116,0.011062619570988086,False,False
20.352208692443778,19.709267833909234,1.0309474336389313,1.0074738165714412,1.08411082116123,1.03131683433911,0.008138016747759269,False,False
20.380165023065267,19.737135514169427,1.052156331875998,1.0076288189606593,1.0683328356791926,1.0264015867085488,0.006489292129026603,False,False
20.408121353686756,19.76501653833816,1.0716471285154567,1.0900217754579224,1.051488218440689,1.0764208331537013,0.003609758811359609,False,False
20.436077684308245,19.792910889794033,1.0893941564294534,1.092115262100686,1.0336490437201529,1.0734122596587699,0.005106202100188417,False,False
20.464034014929734,19.820818552451215,1.105376657606474,1.1220289926720048,1.0148888772845157,1.08707578857939,0.008508832141196576,False,False
20.491990345551223,19.848739510649224,1.1195789006718533,1.1211129896702077,0.9952824724731658,1.0839213470714137,0.009339216766433345,False,False
20.51994667617271,19.876673749055016,1.1319902725472566,1.0842894782045733,0.9749054634163181,1.0551946818177145,0.008844314090199146,False,False
20.547903006794197,19.90462125257592,1.1426053431934682,1.15112395908767,0.9538340566580619,1.089835176027973,0.014001046681249019,False,False
20.575859337415686,19.932582006282374,1.151423902849132,1.1521100731316198,0.9321447224552858,1.0867865209567622,0.015198213456604326,False,False
20.603815668037175,19.960555995339163,1.158450971597859,1.2183562529227496,0.9099138870234915,1.1181393823423478,0.015726416121702003,False,False
20.631771998658664,19.988543204944502,1.163696781463201,1.138621963501231,0.8872176269949038,1.074799698146864,0.016437546129388303,False,False
20.659728329280153,20.016543620275872,1.167176731543109,1.1475133674474913,0.8641313673436753,1.0744484115290107,0.01866449968564665,False,False
20.68768465990164,20.044557226441984,1.16891131695376,1.1698600654348148,0.8407295840169607,1.082280634823947,0.02049208354937182,False,False
20.71564099052313,20.07258400844022,1.1689260325591009,1.1951572923428841,0.8170855124896939,1.094331583949913,0.020981098130819276,False,False
20.74359732114462,20.10062395111884,1.167251252621369,1.169966249957702,0.793270863434815,1.0791725929810512,0.02195919334653529,False,False
20.77155365176611,20.128677039143547,1.1639220876241507,1.1709732427098543,0.7693555466697424,1.0732809767013456,0.0241094440180476,False,False
20.799509982387598,20.15674325696787,1.1589782195989515,1.1899068743538355,0.7454074045041371,1.082571187758857,0.02423858317075611,False,False
20.827466313009086,20.18482258880699,1.1524637173348629,1.12726930111425,0.7214919555736108,1.041189819504162,0.025883964296882778,False,False
20.855422643630575,20.212915018614556,1.144426832874692,1.09472783565943,0.6976721501992044,1.0186725682025024,0.026064558072159683,False,False
20.883378974252064,20.241020530062276,1.1349197807057296,1.111987634017666,0.6740081382632734,1.0234021141857124,0.028915621353005072,False,False
20.911335304873553,20.269139106521877,1.1239985010444813,1.095813104308745,0.6505570505392514,1.0051428014691641,0.031127277778644658,False,False
20.939291635495042,20.297270731049238,1.1117224085969304,1.1610009128172112,0.62737279435566,1.0410943135230815,0.03377819809300453,False,False
20.967247966116528,20.32541538637042,1.0981541281533156,1.1247396926481004,0.6045058644140509,1.0169352624029178,0.03427973562728098,False,False
20.995204296738017,20.353573054869436,1.0833592183522502,1.074802451011297,0.5820031695164773,0.9834568464703477,0.03363113532466483,False,False
21.023160627359506,20.38174371857751,1.0674058849260215,1.0602664028434277,0.5599078758910049,0.9689279242173483,0.03513486915628555,False,False
21.051116957980994,20.4099273591637,1.0503646847186876,1.047408544357964,0.5382592677336504,0.9540031260290468,0.03684559750272204,False,False
21.079073288602483,20.438123957926745,1.032308221752536,1.0369622943917571,0.5170926255127517,0.9398169855637002,0.03895129903496175,False,False
21.107029619223972,20.466333495787964,1.013310836607097,1.0393199476251223,0.49643912250692984,0.9376269939232731,0.04049322619558221,False,False
21.13498594984546,20.494555953285147,0.9934482903681732,0.9760015345292138,0.4763257399711621,0.8877028419305293,0.03895091952902591,False,False
21.16294228046695,20.522791310567264,0.9727974444021021,0.9794975561616158,0.456775201247191,0.8788458175915583,0.04317469204986607,False,False
21.19089861108844,20.551039547389973,0.9514359372118195,0.9612368388198218,0.4378059250549403,0.8562318685229025,0.04545147979905373,False,False
21.218854941709928,20.579300643111782,0.9294418596353778,0.8751785744543422,0.4194319981210878,0.7908489422955136,0.03963086656215753,False,False
21.246811272331417,20.607574576690837,0.9068934296534323,0.9157542641586639,0.4016631672198236,0.8058305343609619,0.04804137205236503,False,False
21.274767602952906,20.63586132668224,0.88386866807836,0.8825968857138288,0.38450485061940876,0.7766782737984661,0.04740248612068243,False,False
21.302723933574395,20.66416087123587,0.8604450764032945,0.8359413852317634,0.36795816884679805,0.732218349230831,0.04663861480601239,False,False
21.330680264195884,20.69247318809461,0.8366993180930249,0.8025408947504344,0.35201999460163247,0.698316431413669,0.04608873521156298,False,False
21.358636594817373,20.720798254592967,0.8127069045994086,0.7670585981830919,0.3366830215706832,0.6522615049918056,0.047740169327551374,False,False
21.38659292543886,20.749136047656055,0.7885418873808807,0.827715035455249,0.3219358518146511,0.6888868286867231,0.0554518950839174,False,False
21.414549256060347,20.777486543798894,0.7642765571977168,0.7649968943479664,0.30776310132145623,0.6246474492758789,0.05415816462822082,False,False
21.442505586681836,20.80584971912591,0.73998115194162,0.7045696216862449,0.29414552324411236,0.5792971797256513,0.047821333418003376,False,False
21.470461917303325,20.8342255493308,0.7157235742387973,0.7167850956418843,0.2810601482671824,0.5750917617226898,0.050871281353684794,False,False
21.498418247924814,20.862614009696514,0.6915691200406315,0.674214328764899,0.2684804414741866,0.5265176341978517,0.04817218793263764,False,False
21.526374578546303,20.89101507509549,0.667580219383841,0.7013142058891751,0.25637647501919525,0.5271498203175727,0.05381735520326142,False,False
21.554330909167792,20.919428719990055,0.6438161904636918,0.5904829346449721,0.24471511583974198,0.4377363625811406,0.04073831150383281,False,False
21.58228723978928,20.947854918432988,0.6203330081187473,0.6142271418794029,0.2334602275851892,0.44520341580070266,0.04232745162014506,False,False
21.61024357041077,20.976293644068207,0.5971830877740677,0.5744984999551124,0.2225728858751897,0.4034882435251793,0.037362332139472404,False,False
21.63819990103226,21.004744870131614,0.5744150858321616,0.6027110878398236,0.21201160594707336,0.40002193824079957,0.040091288728757085,False,False
21.666156231653748,21.033208569452036,0.5520737174373147,0.5835269930666047,0.20173258169910369,0.37601404388718884,0.03800964113183383,False,False
21.694112562275237,21.061684714452266,0.5301995924697779,0.5344857282426159,0.19168993508882987,0.32607188258872577,0.030644936257522182,False,False
21.722068892896726,21.09017327715022,0.5088290705519254,0.4539017323322462,0.18183597480232563,0.2884183270653228,0.02264593609258858,False,False
21.750025223518215,21.118674229160163,0.4879941357695136,0.48121684157845457,0.17212146307130397,0.29130762831937734,0.024449289959735276,False,False
21.777981554139703,21.147187541694006,0.4677222917278001,0.4448357633513776,0.16249588948084343,0.26463673046531616,0.02093566307782195,False,False
21.80593788476119,21.175713185562685,0.4480364774752472,0.432648168972849,0.15290775058114467,0.24711220768018627,0.019096906313774267,False,False
21.833894215382678,21.204251131177607,0.4289550047371486,0.47590322717125333,0.14330483409229414,0.25627788065744245,0.021829040814731915,False,False
21.861850546004167,21.232801348552123,0.41049151680839213,0.4253031511788091,0.1336345064716957,0.22561164027763136,0.017927173170376537,False,False
21.889806876625656,21.2613638073031,0.39265496935904787,0.3936299039795412,0.12384400259950071,0.208858067874225,0.01595984110992879,False,False
21.917763207247145,21.289938476652488,0.37544963330930325,0.35558278202881655,0.11388071632843913,0.19301933633828555,0.014051270574078942,False,False
21.945719537868634,21.318525325428983,0.3588751198315681,0.35254116676953406,0.10369249064053213,0.18070310492998806,0.013918508818389033,False,False
21.973675868490123,21.347124322069682,0.3429264274382393,0.42028919632028916,0.09322790615463589,0.1961523350799964,0.016896218514077105,False,False
22.00163219911161,21.375735434621806,0.3275940110137429,0.30619109351495805,0.08243656673540398,0.15537307337890716,0.012542594124000314,False,False
22.0295885297331,21.404358630744433,0.3128638725498298,0.3131821368669796,0.07126938096613306,0.15657682052311636,0.01313022844029213,False,False
22.05754486035459,21.432993877710295,0.2987176732439016,0.27747186069730734,0.059678838264939096,0.13929467297712306,0.012377432747821562,False,False
22.08550119097608,21.46164114240757,0.28513286652209285,0.32844254302925474,0.047619278445888924,0.14660368256729375,0.014570735500237839,False,False
22.113457521597567,21.490300391341698,0.2720828514520905,0.20249114910330973,0.03504715355375415,0.10574677460070218,0.010545185789384723,False,False
22.141413852219056,21.51897159063726,0.25953714591594845,0.2797559990124199,0.02192128083308878,0.12123337700791258,0.014442073872085202,False,False
22.169370182840545,21.54765470603985,0.24746157882065437,0.26875210785372355,0.00820308572906761,0.11464529542916257,0.01456556973499315,False,False
22.19732651346203,21.57634970291796,0.23581850053456996,0.1940957869882447,-0.006143166141126727,0.08599607402241807,0.01292845520229384,False,False
22.22528284408352,21.6050565462649,0.22456701065120555,0.1791079883997223,-0.021150149061803653,0.0784466892749558,0.013103222031158768,False,False
22.25323917470501,21.633775200700764,0.21366320209886638,0.19580415838937767,-0.03684727030255369,0.0784993388606803,0.014834239640738142,False,False
22.281195505326497,21.66250563047433,0.20306042053558562,0.20762583219391983,-0.05326047712369392,0.07981536576370132,0.015802359563576562,False,False
22.309151835947986,21.691247799465085,0.19270953789401107,0.2036116442505899,-0.07041207855685114,0.07504382292772138,0.016224229053180952,False,False
22.337108166569475,21.720001671185162,0.18255923887081082,0.16831167331890945,-0.08832058275274118,0.056885756436235536,0.016360412882927673,False,False
22.365064497190964,21.748767208781388,0.17255631909006738,0.20616624094267905,-0.10700055062343594,0.06872112035326816,0.017713238404283023,False,False
22.393020827812453,21.77754437503725,0.16264599361038132,0.1414638708118597,-0.1264624664386299,0.035205991185301,0.01757335650520485,False,False
22.420977158433942,21.80633313237497,0.1527722143912341,0.11276231653445182,-0.14671262596481144,0.0205152248928661,0.017404969343654125,False,False
22.44893348905543,21.835133442857494,0.14287799528602377,0.1453571243480117,-0.16775304266323238,0.03070116514167609,0.019450516716367362,False,False
22.47688981967692,21.863945268190587,0.13290574308700573,0.12461575862114141,-0.18958137238732486,0.017755782195876896,0.01964651468973013,False,False
22.50484615029841,21.89276856972488,0.12279759311185516,0.08015268471122289,-0.21219085694313988,-0.005759092821843836,0.01878914278426469,False,False
22.532802480919898,21.92160330845793,0.11249574779245404,0.08233728578925424,-0.23557028679775138,-0.011063804390482476,0.020706324350207098,False,False
22.560758811541387,21.950449445036327,0.10194281670421636,0.09966983237872175,-0.25970398314072507,-0.0044145903035327505,0.021948726900147694,False,False
22.588715142162876,21.979306939757787,0.0910821564590477,0.07998369415323328,-0.2845717994230179,-0.018686422137742686,0.022521618375565614,False,False
22.61667147278436,22.008175752573244,0.07985820887663525,0.10962384393457725,-0.3101491424163831,-0.00619528528487856,0.023781593743637836,False,False
22.64462780340585,22.037055843088975,0.06821683584774192,0.02945872855224274,-0.3364070127548771,-0.05122668131241229,0.02210500947771267,False,False
22.67258413402734,22.065947170568723,0.05610564930916028,0.06655920880052445,-0.3633120648386133,-0.04145718036386595,0.026471087061450627,False,False
22.700540464648828,22.094849693935824,0.043474334763344315,0.09921750425356016,-0.39082668589909525,-0.02159568594233824,0.026543343077541914,False,False
22.728496795270317,22.123763371775354,0.03027496679615609,0.04080451100142858,-0.4189090939452228,-0.057882280298412775,0.02647814938024058,False,False
22.756453125891806,22.15268816233628,0.016462315073902296,0.017257530070102885,-0.4475134542301118,-0.07264636713949232,0.026485507018452467,False,False
22.784409456513295,22.18162402353361,0.0019941393355518847,0.018095621548818958,-0.4765900138013132,-0.07670365911544595,0.027772594502756626,False,False
22.812365787134784,22.21057091295059,-0.013168528062207491,-0.05293051680565354,-0.5060852536212185,-0.1229509747743438,0.02547452134577069,False,False
22.840322117756273,22.23952878784082,-0.029061113440827225,-0.02692377400397924,-0.5359420576707572,-0.11541624467008882,0.030038114771697114,False,False
22.86827844837776,22.268497605130488,-0.0457152482752049,-0.005481908170809138,-0.566099898378187,-0.10052024071432991,0.030399463103073135,False,False
22.89623477899925,22.297477321420548,-0.06315853212519336,-0.07154743613146834,-0.5964950376461751,-0.1465756692449809,0.028776900259012222,False,False
22.92419110962074,22.32646789298889,-0.08141431323216623,-0.08506900039817777,-0.6270607426847019,-0.16065156066610906,0.03034894409668093,False,False
22.95214744024223,22.355469275792583,-0.10050148791562952,-0.07835599521916416,-0.6577275157949736,-0.16049374329149113,0.03246697351252817,False,False
22.980103770863717,22.38448142547005,-0.12043431982523493,-0.07721013829593512,-0.6884233371905877,-0.16358590987228797,0.03382829569783591,False,False
23.008060101485206,22.413504297343305,-0.14122228001877182,-0.17425097395578784,-0.7190739198870938,-0.232028374391359,0.028309324028573446,False,False
23.036016432106692,22.442537846420162,-0.16286990874678622,-0.12808839725111493,-0.7496029756398985,-0.2025889850671788,0.033398504303989135,False,False
23.06397276272818,22.4715820273965,-0.18537669973012685,-0.20944091059304606,-0.7799324908635419,-0.26572572652165494,0.02951966980478693,False,False
23.09192909334967,22.500636794658448,-0.20873700761790812,-0.20198701623011525,-0.8099830114226602,-0.2654144050321809,0.03291000484081072,False,False
23.11988542397116,22.529702102284652,-0.23293997921124585,-0.22322029950186448,-0.8396739351471159,-0.2831243878074583,0.032369317461712926,False,False
23.147841754592648,22.558777904048533,-0.257969508932168,-0.2381213517145112,-0.8689238108902796,-0.29773841333002155,0.03295579354305733,False,False
23.175798085214137,22.58786415342053,-0.28380421890866697,-0.2907555162554016,-0.8976506429211116,-0.3450038518756584,0.03231100633398956,False,False
23.203754415835625,22.61696080357035,-0.3104174639358895,-0.34353750752091466,-0.9257721994171819,-0.39302658369296173,0.03150131769241202,False,False
23.231710746457114,22.646067807369256,-0.3377773614607007,-0.28951692848950417,-0.9532063238073797,-0.35110339834885107,0.03664517858335681,False,False
23.259667077078603,22.675185117392317,-0.3658468466226205,-0.3742254499504102,-0.9798712476998295,-0.42444366657276433,0.032949661735935415,False,False
23.287623407700092,22.704312685920687,-0.3945837522691939,-0.37724901710342573,-1.0056859041224597,-0.428823951426768,0.03420897296950304,False,False
23.31557973832158,22.7334504649439,-0.4239409137485256,-0.426852228884646,-1.030570239800948,-0.4755571404490682,0.03361379233953546,False,False
23.34353606894307,22.76259840616214,-0.453866298166539,-0.4322039061742251,-1.0544455252011615,-0.4856809451345835,0.03667239363372554,False,False
23.37149239956456,22.791756460988537,-0.48430315768225507,-0.5240748723168571,-1.077234661070966,-0.5691518926455807,0.03285461922661459,False,False
23.399448730186048,22.820924580551473,-0.5151902063012895,-0.5202867181552673,-1.09886248022919,-0.5700422231426353,0.03592026674779575,False,False
23.427405060807537,22.850102715696853,-0.5464618195164181,-0.6023523825273513,-1.1192560433676375,-0.6483368410529367,0.03369787431283289,False,False
23.455361391429022,22.879290816990444,-0.5780482560353957,-0.5601755122963514,-1.1383449276551825,-0.6185475662046902,0.041093573542034134,False,False
23.48331772205051,22.908488834720174,-0.6098759007298753,-0.6336919076882239,-1.156061506961238,-0.6890797121346726,0.039584105856910023,False,False
23.511274052672,22.937696718898426,-0.641867527836839,-0.6559492756016699,-1.1723412225488417,-0.7167938190508742,0.042277380515287066,False,False
23.53923038329349,22.966914419264384,-0.6739425833451393,-0.7106182459661943,-1.1871228431255174,-0.7766461098191063,0.043815212090944466,False,False
23.567186713914978,22.996141885286328,-0.7060174854051899,-0.6839341670513533,-1.2003487131823756,-0.7669147146499325,0.05250419640206261,False,False
23.595143044536467,23.025379066163993,-0.7380059415104828,-0.7306042103989673,-1.2119649885987813,-0.8213514720715056,0.054464691435388124,False,False
23.623099375157956,23.054625910830865,-0.7698192811150062,-0.7508477038887773,-1.2219218585409146,-0.8624296489827459,0.06049831783758447,False,False
23.651055705779445,23.08388236795653,-0.8013668022723108,-0.7751019126267711,-1.2301737527376342,-0.9166069882210417,0.06659430147914985,False,False
23.679012036400934,23.113148385949014,-0.8325561308092269,-0.8399377316247212,-1.2366795332758618,-1.0160207763340827,0.0632032869837178,False,False
23.706968367022423,23.142423912957113,-0.8632935904812676,-0.8846971676991806,-1.2414026701200918,-1.1005823204798864,0.04660577167423974,False,False
23.734924697643912,23.171708896872758,-0.8934845824975977,-0.8724473414778223,-1.2443113996263182,-1.1776907342858434,0.026120361963313687,False,False
23.7628810282654,23.201003285333325,-0.9230339727511677,-0.8915806555943439,-1.2453788653893416,-1.2450479457554127,0.00017025209628629412,False,False
23.79083735888689,23.230307025724034,-0.9518464850452466,-0.9494894721450731,-1.2445832408338626,-1.221592412165852,0.011542569830460758,False,False
23.81879368950838,23.259620065180258,-0.9798270985702483,-1.0143682795626665,-1.2419078330336217,-1.1863891835339841,0.02178548084807075,False,False
23.846750020129868,23.2889423505899,-1.0068814478560189,-1.0078778100531054,-1.2373411673188779,-1.1331979176230798,0.0347266048253102,False,False
23.874706350751353,23.318273828595757,-1.032916223403434,-1.0468080252554293,-1.2308770523103272,-1.1377362152369512,0.027893872393432106,False,False
23.902662681372842,23.34761444559788,-1.0578395711865773,-1.07901899489295,-1.222514625096914,-1.140349097849473,0.020518276162533433,False,False
23.93061901199433,23.376964147755928,-1.081561489212185,-1.0863402599252674,-1.212258376355523,-1.13100282213742,0.017217676004909532,False,False
23.95857534261582,23.406322880991535,-1.1039942193270589,-1.1046996386688637,-1.2001181552918583,-1.1349574936362723,0.011715527738208609,False,False
23.98653167323731,23.435690590990706,-1.1250526324764836,-1.0986104501239335,-1.1861091543637527,-1.1226055870555744,0.010091088843188212,False,False
24.014488003858798,23.465067223206155,-1.1446546056374047,-1.1550942910556048,-1.1702518738301515,-1.1597941620789918,0.001538180835887637,False,False
24.042444334480287,23.494452722859698,-1.1627213886794106,-1.1517644217401202,-1.1525720662509347,-1.1519765028079143,7.469310973651222e-05,False,False
24.070400665101776,23.52384703494463,-1.1791779594438176,-1.1808936472900198,-1.1331006611441148,-1.1677535622793056,0.0039949697117744876,False,False
24.098356995723265,23.5532501042281,-1.1939533653768288,-1.1969521574728876,-1.1118736700875052,-1.1740563544284144,0.006462837725606629,False,False
24.126313326344754,23.582661875253475,-1.206981050106232,-1.2339041179061432,-1.0889320726313327,-1.192936985094451,0.008968682616975254,False,False
24.154269656966243,23.61208229234277,-1.2181991634124072,-1.2006849365190144,-1.064321683466172,-1.1709382763474672,0.008773457426963005,False,False
24.18222598758773,23.641511299598967,-1.2275508531132024,-1.2320835190939412,-1.038093001366633,-1.1860641645510412,0.011058981372155885,False,False
24.21018231820922,23.67094884090846,-1.2349845374583832,-1.2162507249734944,-1.010301040505195,-1.1751326193865794,0.01146219574222751,False,False
24.23813864883071,23.700394859943394,-1.2404541567121723,-1.2277787622026635,-0.9810051448020914,-1.1796027324761105,0.012633064462683974,False,False
24.2660949794522,23.7298493001641,-1.2439194026920752,-1.1977869359074393,-0.9502687860459252,-1.1578395505012242,0.01313586894728902,False,False
24.294051310073684,23.759312104821436,-1.2453459251277692,-1.2491672257083062,-0.9181593465854792,-1.185290820497004,0.015070713973435845,False,False
24.322007640695173,23.788783216959217,-1.24470551380534,-1.2152184638163335,-0.8847478874556639,-1.1642507698708755,0.01558107454093205,False,False
24.34996397131666,23.81826257941659,-1.2419762555688687,-1.2639713647176145,-0.8501089028595438,-1.1880399920580327,0.016812141755234045,False,False
24.37792030193815,23.84775013483043,-1.2371426653629318,-1.2384357653714135,-0.8143200619834594,-1.174607457699451,0.017074708525174564,False,False
24.40587663255964,23.87724582563773,-1.2301957906155079,-1.2213250246244807,-0.777461939173535,-1.159882968231742,0.019049737322378357,False,False
24.43383296318113,23.906749594077993,-1.221133288380406,-1.2767839924740523,-0.7396177335487353,-1.188519990777895,0.018993702845659377,False,False
24.461789293802617,23.936261382195653,-1.2099594747813145,-1.2203217173002763,-0.7008729791681749,-1.1566898803339012,0.02003851920211397,False,False
24.489745624424106,23.965781131842434,-1.1966853464251526,-1.193628676746244,-0.6613152469083667,-1.1394077394212716,0.020127996312357177,False,False
24.517701955045595,23.995308784679768,-1.1813285735801111,-1.1626922814350404,-0.6210338392392282,-1.11473678357894,0.021142603385580938,False,False
24.545658285667084,24.024844282181192,-1.1639134650429943,-1.196676284208302,-0.5801194791160482,-1.1348024379845687,0.023547107496867725,False,False
24.573614616288573,24.05438756563474,-1.144470904750584,-1.1767962757768111,-0.5386639942279061,-1.1215457496279826,0.02321665493285574,False,False
24.601570946910062,24.083938576145346,-1.1230382603201314,-1.1698496347715066,-0.49675999786127734,-1.1144852562626602,0.02400691836774904,False,False
24.62952727753155,24.113497254637227,-1.0996592638341713,-1.0946676351741256,-0.4545005676506269,-1.0569942715046814,0.021889634804796,False,False
24.65748360815304,24.143063541856304,-1.074383865313916,-1.0565558202236236,-0.4119789234956276,-1.0259881091013696,0.020523007288886452,False,False
24.68543993877453,24.17263737837257,-1.047268059453127,-1.0480237209827639,-0.3692881059272726,-1.0173051783605387,0.02140723651829035,False,False
24.713396269396014,24.20221870458252,-1.0183736863095991,-1.009359201534505,-0.3265206562024274,-0.983980487177742,0.020335172046591243,False,False
24.741352600017503,24.23180746071153,-0.9877682067741079,-0.9994505727287301,-0.28376829939848064,-0.9741161522212292,0.021123923568421854,False,False
24.769308930638992,24.261403586816247,-0.9555244537557617,-0.9545441478167657,-0.24112163176669194,-0.9345691193332344,0.019589856648063952,False,False
24.79726526126048,24.291007022787003,-0.9217203601379916,-0.931703515564381,-0.1986698135843619,-0.9111201408969682,0.020624477050554868,False,False
24.82522159188197,24.32061770835019,-0.8864386646700995,-0.8226667084810612,-0.15650026872278866,-0.8132539928911553,0.015212198544239441,False,False
24.85317792250346,24.35023558307068,-0.8497665970648991,-0.819883703513908,-0.11469839211943617,-0.8082773285752648,0.016887008230158596,False,False
24.881134253124948,24.3798605863542,-0.8117955436730568,-0.8098540247352732,-0.07334726630960214,-0.7992192416429826,0.017217415717235174,False,False
24.909090583746437,24.409492657449736,-0.7726206951986363,-0.7348501099598914,-0.032527388134862195,-0.7291769782357761,0.015537599425952175,False,False
24.937046914367926,24.439131735451912,-0.7323406780076747,-0.7237995067567952,0.007683593296968272,-0.7161735222291081,0.01661671594544456,False,False
24.965003244989415,24.468777759303393,-0.6910571706620556,-0.6969785851079501,0.04721112637255459,-0.6912334610313151,0.016879150137100618,False,False
24.992959575610904,24.498430667797283,-0.6488745073836648,-0.6442826819687049,0.0859839934778055,-0.6389314936728705,0.016562714235886622,False,False
25.020915906232393,24.528090399579497,-0.6058992702192293,-0.5806246643851632,0.1239345333251519,-0.5779185772045979,0.01568079452625548,False,False
25.04887223685388,24.55775689315115,-0.5622398717327957,-0.5659902983714586,0.16099884824076782,-0.5605595300492046,0.016716743268956336,False,False
25.07682856747537,24.58743008687096,-0.5180061301016167,-0.5552748714760556,0.1971169956115413,-0.5504961679712808,0.017621226144448887,False,False
25.104784898096856,24.61710991895762,-0.47330883853087097,-0.4699768084144036,0.23223316275731792,-0.4664645476146134,0.01629784420528843,False,False
25.132741228718345,24.646796327492183,-0.42825933093350665,-0.44342051164370594,0.2662958245626412,-0.44009045240487854,0.016838312366323133,False,False
